Transaction_ID,Date,Time,Sender_Name,Receiver_Name,Mobile_Number,UPI_ID,Bank_Name,Transaction_Type,Amount,Status,Payment_Method,State,City,Device_Type
PP100000,2026-07-01 00:00:00,01:09:18,Customer_1,Merchant_82,9265724933,user1@ybl,BOB,Merchant Payment,21731,Success,UPI,Madhya Pradesh,Aurangabad,Android
PP100001,2026-07-01 00:00:00,17:24:40,Customer_2,Merchant_95,9397529454,user2@ybl,PNB,Food Payment,15079,Success,QR Code,Gujarat,Kolhapur,Android
PP100002,2026-07-01 00:00:00,05:38:29,Customer_3,Merchant_38,9576495383,user3@ybl,SBI,Food Payment,15650,Success,QR Code,Madhya Pradesh,Nagpur,Android
PP100003,2026-07-01 00:00:00,01:56:10,Customer_4,Merchant_32,9066327496,user4@ybl,Canara,Merchant Payment,1306,Success,Phone Number,Maharashtra,Pune,iOS
PP100004,2026-07-01 00:00:00,20:07:54,Customer_5,Merchant_11,9337711220,user5@ybl,Axis,Food Payment,1549,Success,Phone Number,Karnataka,Aurangabad,iOS
PP100005,2026-07-01 00:00:00,12:55:40,Customer_6,Merchant_45,9257954323,user6@ybl,PNB,Bill Payment,10020,Success,QR Code,Karnataka,Kolhapur,Android
PP100006,2026-07-01 00:00:00,05:39:44,Customer_7,Merchant_89,9606013085,user7@ybl,ICICI,Merchant Payment,6675,Success,Phone Number,Gujarat,Pune,iOS
PP100007,2026-07-01 00:00:00,05:00:17,Customer_8,Merchant_33,9005335689,user8@ybl,HDFC,Merchant Payment,1897,Success,UPI,Maharashtra,Aurangabad,Android
PP100008,2026-07-01 00:00:00,21:04:40,Customer_9,Merchant_41,9483912055,user9@ybl,SBI,Merchant Payment,9961,Success,Phone Number,Madhya Pradesh,Aurangabad,iOS
PP100009,2026-07-01 00:00:00,02:25:02,Customer_10,Merchant_8,9024292924,user10@ybl,ICICI,Merchant Payment,21835,Success,QR Code,Karnataka,Pune,Android
PP100010,2026-07-01 00:00:00,00:06:24,Customer_11,Merchant_11,9430494359,user11@ybl,HDFC,Bill Payment,18882,Success,UPI,Karnataka,Pune,Android
PP100011,2026-07-01 00:00:00,00:06:44,Customer_12,Merchant_86,9366120783,user12@ybl,SBI,Merchant Payment,13075,Success,QR Code,Karnataka,Kolhapur,Android
PP100012,2026-07-01 00:00:00,11:22:23,Customer_13,Merchant_51,9585837834,user13@ybl,BOB,Bill Payment,16504,Failed,QR Code,Karnataka,Aurangabad,Android
PP100013,2026-07-01 00:00:00,13:18:46,Customer_14,Merchant_88,9795626795,user14@ybl,Kotak,Merchant Payment,3107,Success,UPI,Rajasthan,Kolhapur,Android
PP100014,2026-07-01 00:00:00,08:06:29,Customer_15,Merchant_41,9985837319,user15@ybl,Canara,Merchant Payment,5848,Success,Phone Number,Gujarat,Aurangabad,Android
PP100015,2026-07-01 00:00:00,03:32:43,Customer_16,Merchant_17,9843106517,user16@ybl,Canara,Food Payment,23829,Success,UPI,Madhya Pradesh,Kolhapur,iOS
PP100016,2026-07-01 00:00:00,05:06:24,Customer_17,Merchant_76,9376499784,user17@ybl,Kotak,Merchant Payment,18695,Success,Phone Number,Madhya Pradesh,Pune,Android
PP100017,2026-07-01 00:00:00,16:41:40,Customer_18,Merchant_46,9941426947,user18@ybl,PNB,Merchant Payment,21871,Success,Phone Number,Gujarat,Pune,Android
PP100018,2026-07-01 00:00:00,02:44:20,Customer_19,Merchant_32,9022848801,user19@ybl,Kotak,Bill Payment,24700,Success,UPI,Maharashtra,Mumbai,Android
PP100019,2026-07-01 00:00:00,22:24:02,Customer_20,Merchant_79,9439865600,user20@ybl,BOB,Food Payment,17097,Success,QR Code,Gujarat,Kolhapur,Android
PP100020,2026-07-01 00:00:00,14:03:32,Customer_21,Merchant_80,9719865001,user21@ybl,Axis,Bill Payment,22190,Success,Phone Number,Karnataka,Mumbai,Android
PP100021,2026-07-01 00:00:00,06:32:54,Customer_22,Merchant_54,9551094415,user22@ybl,Kotak,Food Payment,5426,Success,QR Code,Karnataka,Mumbai,Android
PP100022,2026-07-01 00:00:00,06:32:04,Customer_23,Merchant_86,9819126577,user23@ybl,HDFC,Bill Payment,11452,Success,Phone Number,Gujarat,Nagpur,Android
PP100023,2026-07-01 00:00:00,19:12:52,Customer_24,Merchant_92,9592206439,user24@ybl,Axis,Food Payment,3511,Success,QR Code,Gujarat,Aurangabad,Android
PP100024,2026-07-01 00:00:00,03:01:56,Customer_25,Merchant_20,9335774538,user25@ybl,Kotak,Merchant Payment,13378,Success,QR Code,Madhya Pradesh,Nashik,Android
PP100025,2026-07-01 00:00:00,01:20:09,Customer_26,Merchant_33,9799018727,user26@ybl,Canara,Merchant Payment,13374,Success,Phone Number,Madhya Pradesh,Nagpur,Android
PP100026,2026-07-01 00:00:00,08:56:41,Customer_27,Merchant_74,9093256368,user27@ybl,ICICI,Bill Payment,3412,Pending,UPI,Rajasthan,Aurangabad,Android
PP100027,2026-07-01 00:00:00,14:48:50,Customer_28,Merchant_40,9124279778,user28@ybl,HDFC,Food Payment,2288,Success,QR Code,Rajasthan,Nashik,iOS
PP100028,2026-07-01 00:00:00,03:44:16,Customer_29,Merchant_32,9344768719,user29@ybl,BOB,Food Payment,5652,Success,UPI,Karnataka,Mumbai,Android
PP100029,2026-07-01 00:00:00,15:39:57,Customer_30,Merchant_97,9351622175,user30@ybl,HDFC,Merchant Payment,3803,Success,Phone Number,Rajasthan,Nashik,Android
PP100030,2026-07-01 00:00:00,10:46:05,Customer_31,Merchant_2,9006744355,user31@ybl,SBI,Food Payment,14499,Failed,Phone Number,Rajasthan,Pune,iOS
PP100031,2026-07-01 00:00:00,09:40:16,Customer_32,Merchant_97,9286064413,user32@ybl,PNB,Merchant Payment,15407,Success,UPI,Maharashtra,Pune,Android
PP100032,2026-07-01 00:00:00,12:31:46,Customer_33,Merchant_33,9596482038,user33@ybl,ICICI,Merchant Payment,22377,Success,UPI,Gujarat,Kolhapur,Android
PP100033,2026-07-01 00:00:00,14:58:52,Customer_34,Merchant_77,9319428351,user34@ybl,HDFC,Food Payment,5989,Success,UPI,Madhya Pradesh,Aurangabad,iOS
PP100034,2026-07-01 00:00:00,04:45:00,Customer_35,Merchant_30,9528184715,user35@ybl,SBI,Merchant Payment,9001,Success,QR Code,Rajasthan,Nagpur,Android
PP100035,2026-07-01 00:00:00,15:51:31,Customer_36,Merchant_33,9294790423,user36@ybl,Kotak,Merchant Payment,21052,Success,QR Code,Madhya Pradesh,Mumbai,Android
PP100036,2026-07-01 00:00:00,06:05:49,Customer_37,Merchant_77,9182198650,user37@ybl,HDFC,Merchant Payment,21343,Success,Phone Number,Rajasthan,Aurangabad,iOS
PP100037,2026-07-01 00:00:00,19:28:00,Customer_38,Merchant_26,9420311277,user38@ybl,HDFC,Bill Payment,8870,Success,QR Code,Rajasthan,Mumbai,iOS
PP100038,2026-07-01 00:00:00,10:29:04,Customer_39,Merchant_22,9658307662,user39@ybl,HDFC,Food Payment,24428,Success,UPI,Karnataka,Pune,Android
PP100039,2026-07-01 00:00:00,12:39:03,Customer_40,Merchant_66,9398542844,user40@ybl,PNB,Merchant Payment,24261,Success,Phone Number,Maharashtra,Nagpur,Android
PP100040,2026-07-01 00:00:00,10:03:07,Customer_41,Merchant_38,9330682120,user41@ybl,HDFC,Food Payment,15192,Success,QR Code,Gujarat,Nagpur,iOS
PP100041,2026-07-01 00:00:00,02:00:39,Customer_42,Merchant_90,9561753472,user42@ybl,HDFC,Food Payment,17422,Success,QR Code,Gujarat,Pune,Android
PP100042,2026-07-01 00:00:00,04:01:29,Customer_43,Merchant_46,9230877956,user43@ybl,PNB,Bill Payment,18357,Success,UPI,Karnataka,Nashik,Android
PP100043,2026-07-02 00:00:00,16:06:57,Customer_44,Merchant_15,9582229283,user44@ybl,SBI,Bill Payment,3677,Success,QR Code,Karnataka,Nagpur,Android
PP100044,2026-07-02 00:00:00,17:11:17,Customer_45,Merchant_98,9686823754,user45@ybl,Axis,Food Payment,21250,Success,Phone Number,Gujarat,Nashik,Android
PP100045,2026-07-02 00:00:00,11:58:45,Customer_46,Merchant_44,9370807384,user46@ybl,ICICI,Food Payment,18700,Success,QR Code,Gujarat,Mumbai,iOS
PP100046,2026-07-02 00:00:00,13:52:02,Customer_47,Merchant_49,9288337185,user47@ybl,SBI,Food Payment,17178,Success,QR Code,Maharashtra,Nagpur,iOS
PP100047,2026-07-02 00:00:00,08:54:09,Customer_48,Merchant_75,9876021444,user48@ybl,BOB,Food Payment,19215,Success,QR Code,Rajasthan,Kolhapur,iOS
PP100048,2026-07-02 00:00:00,10:18:51,Customer_49,Merchant_61,9342048832,user49@ybl,Axis,Food Payment,9592,Success,Phone Number,Maharashtra,Pune,iOS
PP100049,2026-07-02 00:00:00,11:55:44,Customer_50,Merchant_67,9017076758,user50@ybl,Canara,Merchant Payment,3202,Success,UPI,Gujarat,Nashik,Android
PP100050,2026-07-02 00:00:00,20:32:43,Customer_51,Merchant_6,9293574253,user51@ybl,PNB,Food Payment,12999,Pending,QR Code,Rajasthan,Kolhapur,Android
PP100051,2026-07-02 00:00:00,06:44:45,Customer_52,Merchant_9,9823663525,user52@ybl,PNB,Food Payment,7887,Success,Phone Number,Gujarat,Mumbai,Android
PP100052,2026-07-02 00:00:00,10:27:06,Customer_53,Merchant_6,9171680765,user53@ybl,HDFC,Food Payment,15175,Success,UPI,Maharashtra,Mumbai,Android
PP100053,2026-07-02 00:00:00,11:53:28,Customer_54,Merchant_73,9558105972,user54@ybl,HDFC,Bill Payment,13026,Success,Phone Number,Maharashtra,Nagpur,Android
PP100054,2026-07-02 00:00:00,14:57:51,Customer_55,Merchant_95,9908027237,user55@ybl,BOB,Food Payment,4349,Success,QR Code,Maharashtra,Nagpur,Android
PP100055,2026-07-02 00:00:00,05:19:58,Customer_56,Merchant_32,9050073096,user56@ybl,Canara,Food Payment,22571,Success,Phone Number,Rajasthan,Kolhapur,iOS
PP100056,2026-07-02 00:00:00,05:29:18,Customer_57,Merchant_41,9440958874,user57@ybl,HDFC,Food Payment,3117,Success,QR Code,Madhya Pradesh,Aurangabad,Android
PP100057,2026-07-02 00:00:00,04:14:14,Customer_58,Merchant_76,9080742668,user58@ybl,Kotak,Bill Payment,1424,Pending,UPI,Madhya Pradesh,Aurangabad,Android
PP100058,2026-07-02 00:00:00,12:17:18,Customer_59,Merchant_8,9620727740,user59@ybl,HDFC,Merchant Payment,5121,Failed,Phone Number,Gujarat,Nagpur,Android
PP100059,2026-07-02 00:00:00,00:20:52,Customer_60,Merchant_72,9969478660,user60@ybl,HDFC,Bill Payment,1389,Success,UPI,Rajasthan,Aurangabad,Android
PP100060,2026-07-02 00:00:00,11:02:44,Customer_61,Merchant_50,9311130314,user61@ybl,Kotak,Merchant Payment,21901,Success,QR Code,Karnataka,Pune,Android
PP100061,2026-07-02 00:00:00,21:35:09,Customer_62,Merchant_92,9273009286,user62@ybl,Canara,Bill Payment,6685,Success,UPI,Madhya Pradesh,Kolhapur,iOS
PP100062,2026-07-02 00:00:00,10:24:01,Customer_63,Merchant_62,9189129125,user63@ybl,Kotak,Merchant Payment,18468,Success,UPI,Rajasthan,Pune,Android
PP100063,2026-07-02 00:00:00,14:54:42,Customer_64,Merchant_84,9886235415,user64@ybl,PNB,Food Payment,2785,Failed,Phone Number,Rajasthan,Aurangabad,Android
PP100064,2026-07-02 00:00:00,16:31:34,Customer_65,Merchant_62,9271082069,user65@ybl,Kotak,Food Payment,19221,Success,QR Code,Madhya Pradesh,Nagpur,Android
PP100065,2026-07-02 00:00:00,22:35:17,Customer_66,Merchant_7,9440867854,user66@ybl,ICICI,Bill Payment,24195,Success,Phone Number,Rajasthan,Pune,Android
PP100066,2026-07-02 00:00:00,18:06:55,Customer_67,Merchant_75,9513268459,user67@ybl,PNB,Bill Payment,736,Success,UPI,Rajasthan,Mumbai,iOS
PP100067,2026-07-02 00:00:00,21:49:47,Customer_68,Merchant_84,9122867985,user68@ybl,HDFC,Bill Payment,13870,Success,QR Code,Madhya Pradesh,Nagpur,iOS
PP100068,2026-07-02 00:00:00,01:55:49,Customer_69,Merchant_80,9307617463,user69@ybl,BOB,Bill Payment,20444,Failed,UPI,Maharashtra,Kolhapur,iOS
PP100069,2026-07-03 00:00:00,15:23:13,Customer_70,Merchant_4,9470032912,user70@ybl,PNB,Food Payment,1731,Success,Phone Number,Gujarat,Nashik,Android
PP100070,2026-07-03 00:00:00,20:25:53,Customer_71,Merchant_6,9005471375,user71@ybl,Canara,Bill Payment,21771,Success,Phone Number,Karnataka,Nashik,Android
PP100071,2026-07-03 00:00:00,01:55:41,Customer_72,Merchant_58,9030147723,user72@ybl,Canara,Merchant Payment,6281,Success,UPI,Gujarat,Nagpur,Android
PP100072,2026-07-03 00:00:00,07:12:14,Customer_73,Merchant_22,9959215494,user73@ybl,Kotak,Bill Payment,16412,Success,Phone Number,Maharashtra,Aurangabad,Android
PP100073,2026-07-03 00:00:00,06:29:46,Customer_74,Merchant_26,9949426531,user74@ybl,PNB,Merchant Payment,20522,Success,UPI,Maharashtra,Pune,iOS
PP100074,2026-07-03 00:00:00,17:11:26,Customer_75,Merchant_3,9803053448,user75@ybl,HDFC,Food Payment,6106,Success,QR Code,Rajasthan,Pune,Android
PP100075,2026-07-03 00:00:00,21:02:25,Customer_76,Merchant_41,9015462291,user76@ybl,Canara,Bill Payment,22787,Success,Phone Number,Gujarat,Nagpur,iOS
PP100076,2026-07-03 00:00:00,23:07:31,Customer_77,Merchant_60,9290446320,user77@ybl,Axis,Food Payment,14382,Success,Phone Number,Maharashtra,Mumbai,Android
PP100077,2026-07-03 00:00:00,14:50:13,Customer_78,Merchant_14,9721320217,user78@ybl,HDFC,Bill Payment,11243,Success,Phone Number,Gujarat,Kolhapur,Android
PP100078,2026-07-03 00:00:00,15:46:40,Customer_79,Merchant_75,9587924647,user79@ybl,Axis,Bill Payment,16240,Success,QR Code,Maharashtra,Aurangabad,Android
PP100079,2026-07-03 00:00:00,11:45:18,Customer_80,Merchant_82,9404352415,user80@ybl,ICICI,Food Payment,13412,Success,UPI,Karnataka,Mumbai,Android
PP100080,2026-07-03 00:00:00,19:29:33,Customer_81,Merchant_12,9545640738,user81@ybl,Axis,Merchant Payment,20071,Success,UPI,Maharashtra,Nagpur,Android
PP100081,2026-07-03 00:00:00,19:33:10,Customer_82,Merchant_87,9950229356,user82@ybl,SBI,Merchant Payment,2266,Success,QR Code,Gujarat,Nagpur,Android
PP100082,2026-07-03 00:00:00,14:32:09,Customer_83,Merchant_12,9935076821,user83@ybl,Canara,Food Payment,20030,Success,Phone Number,Rajasthan,Mumbai,Android
PP100083,2026-07-03 00:00:00,11:58:08,Customer_84,Merchant_13,9024123628,user84@ybl,Kotak,Merchant Payment,2842,Success,UPI,Gujarat,Nashik,Android
PP100084,2026-07-03 00:00:00,11:03:31,Customer_85,Merchant_25,9730000725,user85@ybl,ICICI,Merchant Payment,24687,Success,QR Code,Madhya Pradesh,Nagpur,Android
PP100085,2026-07-03 00:00:00,15:24:39,Customer_86,Merchant_45,9246155259,user86@ybl,PNB,Merchant Payment,17254,Success,UPI,Gujarat,Kolhapur,Android
PP100086,2026-07-03 00:00:00,23:43:12,Customer_87,Merchant_19,9941872782,user87@ybl,HDFC,Food Payment,17511,Success,QR Code,Karnataka,Aurangabad,Android
PP100087,2026-07-03 00:00:00,05:32:43,Customer_88,Merchant_55,9217907662,user88@ybl,Canara,Bill Payment,16703,Success,Phone Number,Karnataka,Mumbai,Android
PP100088,2026-07-03 00:00:00,15:18:43,Customer_89,Merchant_100,9038404774,user89@ybl,ICICI,Bill Payment,24506,Success,QR Code,Karnataka,Nashik,Android
PP100089,2026-07-03 00:00:00,20:24:37,Customer_90,Merchant_45,9803217681,user90@ybl,ICICI,Food Payment,9689,Pending,Phone Number,Maharashtra,Mumbai,Android
PP100090,2026-07-03 00:00:00,03:59:48,Customer_91,Merchant_8,9352721251,user91@ybl,SBI,Food Payment,21804,Failed,UPI,Karnataka,Nashik,Android
PP100091,2026-07-03 00:00:00,01:32:49,Customer_92,Merchant_93,9706195119,user92@ybl,Canara,Bill Payment,1102,Success,Phone Number,Gujarat,Nashik,Android
PP100092,2026-07-03 00:00:00,19:23:56,Customer_93,Merchant_53,9716276765,user93@ybl,PNB,Food Payment,11168,Success,UPI,Rajasthan,Kolhapur,Android
PP100093,2026-07-03 00:00:00,10:09:46,Customer_94,Merchant_55,9646008442,user94@ybl,PNB,Bill Payment,8187,Success,UPI,Karnataka,Aurangabad,Android
PP100094,2026-07-03 00:00:00,03:20:15,Customer_95,Merchant_32,9428850669,user95@ybl,Kotak,Merchant Payment,9577,Success,QR Code,Gujarat,Nagpur,Android
PP100095,2026-07-03 00:00:00,12:30:02,Customer_96,Merchant_51,9937533113,user96@ybl,BOB,Bill Payment,19204,Success,Phone Number,Maharashtra,Nashik,iOS
PP100096,2026-07-03 00:00:00,01:44:14,Customer_97,Merchant_44,9475367161,user97@ybl,Axis,Food Payment,11748,Success,UPI,Maharashtra,Nagpur,Android
PP100097,2026-07-03 00:00:00,04:45:44,Customer_98,Merchant_82,9171808099,user98@ybl,PNB,Merchant Payment,3971,Success,UPI,Rajasthan,Aurangabad,Android
PP100098,2026-07-03 00:00:00,06:43:34,Customer_99,Merchant_70,9155067178,user99@ybl,SBI,Bill Payment,14697,Success,QR Code,Rajasthan,Nagpur,iOS
PP100099,2026-07-03 00:00:00,22:25:19,Customer_100,Merchant_18,9548802813,user100@ybl,Kotak,Food Payment,15989,Success,UPI,Gujarat,Kolhapur,Android
PP100100,2026-07-03 00:00:00,19:56:14,Customer_101,Merchant_83,9312205724,user101@ybl,Axis,Merchant Payment,8987,Success,Phone Number,Rajasthan,Kolhapur,Android
PP100101,2026-07-03 00:00:00,01:41:30,Customer_102,Merchant_22,9096908769,user102@ybl,ICICI,Bill Payment,6788,Failed,Phone Number,Rajasthan,Pune,Android
PP100102,2026-07-03 00:00:00,03:13:57,Customer_103,Merchant_37,9644407038,user103@ybl,Canara,Bill Payment,17856,Success,UPI,Maharashtra,Kolhapur,Android
PP100103,2026-07-03 00:00:00,06:13:35,Customer_104,Merchant_96,9843224904,user104@ybl,PNB,Bill Payment,18085,Success,QR Code,Gujarat,Nashik,Android
PP100104,2026-07-03 00:00:00,06:41:11,Customer_105,Merchant_56,9568212868,user105@ybl,Kotak,Food Payment,14059,Success,Phone Number,Rajasthan,Aurangabad,Android
PP100105,2026-07-03 00:00:00,16:10:43,Customer_106,Merchant_59,9143188557,user106@ybl,ICICI,Food Payment,2323,Success,QR Code,Gujarat,Kolhapur,Android
PP100106,2026-07-03 00:00:00,11:27:20,Customer_107,Merchant_3,9503618776,user107@ybl,PNB,Bill Payment,15183,Success,QR Code,Karnataka,Mumbai,Android
PP100107,2026-07-03 00:00:00,23:16:47,Customer_108,Merchant_28,9312547550,user108@ybl,HDFC,Food Payment,7177,Success,UPI,Maharashtra,Aurangabad,Android
PP100108,2026-07-03 00:00:00,09:17:14,Customer_109,Merchant_74,9342805594,user109@ybl,BOB,Bill Payment,18255,Success,QR Code,Maharashtra,Nashik,Android
PP100109,2026-07-03 00:00:00,19:22:04,Customer_110,Merchant_35,9494571503,user110@ybl,ICICI,Merchant Payment,18301,Success,UPI,Maharashtra,Aurangabad,Android
PP100110,2026-07-04 00:00:00,21:01:37,Customer_111,Merchant_61,9928250537,user111@ybl,SBI,Bill Payment,16149,Success,Phone Number,Madhya Pradesh,Kolhapur,iOS
PP100111,2026-07-04 00:00:00,07:58:52,Customer_112,Merchant_93,9839950360,user112@ybl,SBI,Merchant Payment,22229,Pending,QR Code,Gujarat,Mumbai,iOS
PP100112,2026-07-04 00:00:00,03:08:34,Customer_113,Merchant_54,9795498145,user113@ybl,PNB,Food Payment,9539,Success,UPI,Karnataka,Pune,Android
PP100113,2026-07-04 00:00:00,06:39:14,Customer_114,Merchant_63,9648069638,user114@ybl,SBI,Merchant Payment,264,Failed,Phone Number,Rajasthan,Nashik,iOS
PP100114,2026-07-04 00:00:00,15:51:48,Customer_115,Merchant_79,9436328706,user115@ybl,ICICI,Food Payment,8968,Failed,UPI,Karnataka,Nashik,Android
PP100115,2026-07-04 00:00:00,10:11:08,Customer_116,Merchant_97,9877537281,user116@ybl,Canara,Food Payment,9035,Success,QR Code,Gujarat,Aurangabad,Android
PP100116,2026-07-04 00:00:00,06:24:21,Customer_117,Merchant_7,9169397864,user117@ybl,Canara,Food Payment,11039,Success,QR Code,Maharashtra,Nagpur,iOS
PP100117,2026-07-04 00:00:00,22:00:52,Customer_118,Merchant_76,9731580969,user118@ybl,BOB,Merchant Payment,20211,Success,UPI,Madhya Pradesh,Nagpur,Android
PP100118,2026-07-04 00:00:00,11:02:29,Customer_119,Merchant_49,9898924773,user119@ybl,Canara,Food Payment,2799,Failed,Phone Number,Gujarat,Mumbai,Android
PP100119,2026-07-04 00:00:00,04:41:47,Customer_120,Merchant_94,9003575881,user120@ybl,Axis,Food Payment,18250,Success,Phone Number,Gujarat,Pune,Android
PP100120,2026-07-04 00:00:00,05:12:57,Customer_121,Merchant_85,9901433875,user121@ybl,HDFC,Food Payment,13743,Success,UPI,Rajasthan,Pune,Android
PP100121,2026-07-04 00:00:00,14:22:25,Customer_122,Merchant_31,9015194455,user122@ybl,Canara,Merchant Payment,23425,Success,Phone Number,Karnataka,Aurangabad,iOS
PP100122,2026-07-04 00:00:00,22:43:38,Customer_123,Merchant_58,9519257001,user123@ybl,SBI,Food Payment,12823,Success,QR Code,Karnataka,Aurangabad,Android
PP100123,2026-07-04 00:00:00,06:33:44,Customer_124,Merchant_61,9583279848,user124@ybl,HDFC,Food Payment,16877,Success,Phone Number,Rajasthan,Nagpur,Android
PP100124,2026-07-04 00:00:00,06:28:41,Customer_125,Merchant_24,9126655195,user125@ybl,Canara,Merchant Payment,20535,Success,UPI,Madhya Pradesh,Kolhapur,Android
PP100125,2026-07-04 00:00:00,02:54:48,Customer_126,Merchant_20,9321041167,user126@ybl,Axis,Food Payment,13718,Success,QR Code,Maharashtra,Pune,iOS
PP100126,2026-07-04 00:00:00,06:16:14,Customer_127,Merchant_37,9973060371,user127@ybl,SBI,Merchant Payment,1812,Success,QR Code,Maharashtra,Kolhapur,Android
PP100127,2026-07-04 00:00:00,01:27:20,Customer_128,Merchant_4,9558493494,user128@ybl,ICICI,Merchant Payment,15396,Success,QR Code,Madhya Pradesh,Pune,Android
PP100128,2026-07-04 00:00:00,12:00:21,Customer_129,Merchant_92,9797167548,user129@ybl,PNB,Food Payment,18138,Success,QR Code,Rajasthan,Kolhapur,Android
PP100129,2026-07-04 00:00:00,02:54:38,Customer_130,Merchant_20,9293857612,user130@ybl,PNB,Food Payment,13137,Success,UPI,Gujarat,Kolhapur,Android
PP100130,2026-07-04 00:00:00,15:27:25,Customer_131,Merchant_60,9086023342,user131@ybl,Canara,Merchant Payment,7235,Success,Phone Number,Karnataka,Pune,Android
PP100131,2026-07-04 00:00:00,05:21:02,Customer_132,Merchant_24,9206901334,user132@ybl,PNB,Food Payment,23633,Success,QR Code,Gujarat,Mumbai,Android
PP100132,2026-07-04 00:00:00,14:39:56,Customer_133,Merchant_50,9130109933,user133@ybl,Canara,Merchant Payment,5208,Pending,Phone Number,Karnataka,Mumbai,Android
PP100133,2026-07-04 00:00:00,01:13:52,Customer_134,Merchant_49,9698849005,user134@ybl,Canara,Bill Payment,16038,Success,UPI,Gujarat,Aurangabad,Android
PP100134,2026-07-04 00:00:00,17:51:31,Customer_135,Merchant_51,9178347242,user135@ybl,SBI,Bill Payment,14721,Success,Phone Number,Rajasthan,Kolhapur,Android
PP100135,2026-07-04 00:00:00,21:58:24,Customer_136,Merchant_96,9922666974,user136@ybl,BOB,Bill Payment,5301,Success,Phone Number,Rajasthan,Kolhapur,Android
PP100136,2026-07-04 00:00:00,16:29:59,Customer_137,Merchant_36,9436931378,user137@ybl,Kotak,Food Payment,22262,Success,Phone Number,Madhya Pradesh,Kolhapur,Android
PP100137,2026-07-04 00:00:00,22:08:34,Customer_138,Merchant_98,9268392402,user138@ybl,Kotak,Merchant Payment,964,Success,Phone Number,Gujarat,Kolhapur,Android
PP100138,2026-07-04 00:00:00,14:00:28,Customer_139,Merchant_100,9773177932,user139@ybl,BOB,Bill Payment,1531,Success,Phone Number,Gujarat,Kolhapur,Android
PP100139,2026-07-04 00:00:00,00:05:02,Customer_140,Merchant_66,9180647364,user140@ybl,Kotak,Merchant Payment,20485,Success,QR Code,Madhya Pradesh,Nagpur,Android
PP100140,2026-07-05 00:00:00,22:55:58,Customer_141,Merchant_79,9488855489,user141@ybl,HDFC,Food Payment,12738,Success,QR Code,Madhya Pradesh,Nashik,Android
PP100141,2026-07-05 00:00:00,00:00:55,Customer_142,Merchant_34,9766543225,user142@ybl,Kotak,Merchant Payment,22522,Success,UPI,Rajasthan,Kolhapur,Android
PP100142,2026-07-05 00:00:00,02:25:17,Customer_143,Merchant_36,9352384691,user143@ybl,Canara,Food Payment,17262,Success,QR Code,Rajasthan,Nagpur,Android
PP100143,2026-07-05 00:00:00,07:58:19,Customer_144,Merchant_6,9482853675,user144@ybl,Axis,Merchant Payment,19964,Success,UPI,Gujarat,Mumbai,iOS
PP100144,2026-07-05 00:00:00,20:28:06,Customer_145,Merchant_39,9454706991,user145@ybl,Axis,Bill Payment,24825,Success,Phone Number,Rajasthan,Kolhapur,Android
PP100145,2026-07-05 00:00:00,18:47:41,Customer_146,Merchant_42,9809580338,user146@ybl,ICICI,Merchant Payment,8389,Success,QR Code,Rajasthan,Mumbai,Android
PP100146,2026-07-05 00:00:00,12:17:27,Customer_147,Merchant_58,9445008230,user147@ybl,SBI,Bill Payment,12140,Success,QR Code,Gujarat,Aurangabad,iOS
PP100147,2026-07-05 00:00:00,04:39:08,Customer_148,Merchant_12,9871765069,user148@ybl,Kotak,Food Payment,13741,Success,UPI,Madhya Pradesh,Nashik,Android
PP100148,2026-07-05 00:00:00,01:17:01,Customer_149,Merchant_3,9680188553,user149@ybl,Axis,Merchant Payment,2635,Success,Phone Number,Gujarat,Pune,Android
PP100149,2026-07-05 00:00:00,04:10:34,Customer_150,Merchant_18,9342006002,user150@ybl,Kotak,Bill Payment,18017,Success,UPI,Maharashtra,Nashik,Android
PP100150,2026-07-05 00:00:00,01:25:26,Customer_151,Merchant_40,9933102327,user151@ybl,SBI,Bill Payment,15649,Success,UPI,Gujarat,Kolhapur,Android
PP100151,2026-07-05 00:00:00,01:25:22,Customer_152,Merchant_21,9901637258,user152@ybl,ICICI,Merchant Payment,2860,Success,UPI,Maharashtra,Kolhapur,iOS
PP100152,2026-07-05 00:00:00,05:00:30,Customer_153,Merchant_15,9007240457,user153@ybl,Axis,Food Payment,14071,Success,Phone Number,Gujarat,Nashik,Android
PP100153,2026-07-05 00:00:00,23:00:38,Customer_154,Merchant_97,9229833617,user154@ybl,Canara,Food Payment,1794,Success,Phone Number,Maharashtra,Nashik,Android
PP100154,2026-07-05 00:00:00,23:31:57,Customer_155,Merchant_99,9528476762,user155@ybl,HDFC,Bill Payment,13282,Success,QR Code,Maharashtra,Aurangabad,iOS
PP100155,2026-07-05 00:00:00,15:27:38,Customer_156,Merchant_26,9162213700,user156@ybl,BOB,Bill Payment,3891,Success,Phone Number,Gujarat,Mumbai,iOS
PP100156,2026-07-05 00:00:00,10:43:58,Customer_157,Merchant_8,9440504845,user157@ybl,BOB,Food Payment,8293,Success,UPI,Rajasthan,Pune,Android
PP100157,2026-07-05 00:00:00,18:37:47,Customer_158,Merchant_100,9701825416,user158@ybl,BOB,Bill Payment,17249,Success,Phone Number,Karnataka,Nashik,Android
PP100158,2026-07-05 00:00:00,09:37:54,Customer_159,Merchant_94,9303566625,user159@ybl,Kotak,Merchant Payment,9428,Success,UPI,Rajasthan,Pune,Android
PP100159,2026-07-05 00:00:00,09:57:34,Customer_160,Merchant_87,9737198879,user160@ybl,Axis,Bill Payment,3280,Success,UPI,Maharashtra,Nashik,iOS
PP100160,2026-07-05 00:00:00,12:51:11,Customer_161,Merchant_42,9901594841,user161@ybl,SBI,Food Payment,3165,Failed,UPI,Gujarat,Mumbai,Android
PP100161,2026-07-05 00:00:00,20:28:08,Customer_162,Merchant_44,9938006291,user162@ybl,SBI,Bill Payment,7822,Success,QR Code,Gujarat,Pune,Android
PP100162,2026-07-05 00:00:00,10:41:58,Customer_163,Merchant_14,9821795596,user163@ybl,Axis,Bill Payment,2283,Success,Phone Number,Gujarat,Nagpur,Android
PP100163,2026-07-05 00:00:00,02:51:07,Customer_164,Merchant_78,9653853232,user164@ybl,ICICI,Food Payment,8175,Success,QR Code,Gujarat,Mumbai,Android
PP100164,2026-07-05 00:00:00,00:17:42,Customer_165,Merchant_2,9141525980,user165@ybl,Canara,Food Payment,942,Success,Phone Number,Karnataka,Pune,Android
PP100165,2026-07-05 00:00:00,14:00:48,Customer_166,Merchant_37,9583130298,user166@ybl,PNB,Bill Payment,6715,Success,QR Code,Madhya Pradesh,Nashik,Android
PP100166,2026-07-05 00:00:00,01:43:49,Customer_167,Merchant_69,9945247531,user167@ybl,Axis,Bill Payment,20692,Failed,UPI,Maharashtra,Nashik,Android
PP100167,2026-07-05 00:00:00,15:46:33,Customer_168,Merchant_38,9800360832,user168@ybl,HDFC,Bill Payment,5778,Success,QR Code,Karnataka,Mumbai,Android
PP100168,2026-07-05 00:00:00,13:18:35,Customer_169,Merchant_41,9093895509,user169@ybl,ICICI,Merchant Payment,12596,Success,Phone Number,Rajasthan,Mumbai,Android
PP100169,2026-07-05 00:00:00,01:17:12,Customer_170,Merchant_62,9151234838,user170@ybl,Axis,Food Payment,24535,Success,Phone Number,Madhya Pradesh,Nashik,Android
PP100170,2026-07-05 00:00:00,00:59:56,Customer_171,Merchant_60,9927088913,user171@ybl,Axis,Bill Payment,19034,Success,QR Code,Madhya Pradesh,Pune,Android
PP100171,2026-07-05 00:00:00,01:42:48,Customer_172,Merchant_14,9760463084,user172@ybl,ICICI,Food Payment,7836,Success,QR Code,Gujarat,Nagpur,iOS
PP100172,2026-07-05 00:00:00,02:06:01,Customer_173,Merchant_89,9171290169,user173@ybl,ICICI,Merchant Payment,7576,Success,UPI,Karnataka,Aurangabad,Android
PP100173,2026-07-05 00:00:00,20:29:54,Customer_174,Merchant_84,9152372950,user174@ybl,Kotak,Merchant Payment,16245,Success,QR Code,Rajasthan,Mumbai,Android
PP100174,2026-07-05 00:00:00,22:49:12,Customer_175,Merchant_2,9677290858,user175@ybl,Axis,Merchant Payment,5950,Success,Phone Number,Gujarat,Nashik,Android
PP100175,2026-07-06 00:00:00,07:25:34,Customer_176,Merchant_70,9600548174,user176@ybl,PNB,Bill Payment,11653,Success,UPI,Gujarat,Pune,Android
PP100176,2026-07-06 00:00:00,01:46:11,Customer_177,Merchant_17,9195973141,user177@ybl,HDFC,Bill Payment,23404,Pending,Phone Number,Maharashtra,Mumbai,Android
PP100177,2026-07-06 00:00:00,07:14:29,Customer_178,Merchant_89,9159835657,user178@ybl,Canara,Bill Payment,3532,Success,QR Code,Madhya Pradesh,Pune,Android
PP100178,2026-07-06 00:00:00,22:11:45,Customer_179,Merchant_28,9306251805,user179@ybl,Canara,Merchant Payment,6086,Success,UPI,Rajasthan,Mumbai,Android
PP100179,2026-07-06 00:00:00,03:35:10,Customer_180,Merchant_66,9544094162,user180@ybl,PNB,Merchant Payment,13227,Success,Phone Number,Madhya Pradesh,Nashik,Android
PP100180,2026-07-06 00:00:00,20:24:39,Customer_181,Merchant_35,9322340379,user181@ybl,SBI,Food Payment,20126,Success,QR Code,Karnataka,Pune,Android
PP100181,2026-07-06 00:00:00,21:35:35,Customer_182,Merchant_5,9684937866,user182@ybl,ICICI,Bill Payment,14342,Failed,QR Code,Maharashtra,Nashik,Android
PP100182,2026-07-06 00:00:00,22:34:24,Customer_183,Merchant_65,9439099600,user183@ybl,ICICI,Food Payment,22052,Success,UPI,Gujarat,Pune,iOS
PP100183,2026-07-06 00:00:00,06:27:55,Customer_184,Merchant_40,9485226585,user184@ybl,SBI,Bill Payment,2080,Success,UPI,Maharashtra,Mumbai,Android
PP100184,2026-07-06 00:00:00,20:04:34,Customer_185,Merchant_76,9496062858,user185@ybl,ICICI,Bill Payment,14033,Success,Phone Number,Gujarat,Aurangabad,Android
PP100185,2026-07-06 00:00:00,22:37:29,Customer_186,Merchant_56,9463606741,user186@ybl,SBI,Food Payment,19438,Success,QR Code,Maharashtra,Aurangabad,Android
PP100186,2026-07-06 00:00:00,16:40:04,Customer_187,Merchant_36,9451550092,user187@ybl,Axis,Bill Payment,2407,Success,Phone Number,Gujarat,Nagpur,Android
PP100187,2026-07-06 00:00:00,17:29:41,Customer_188,Merchant_45,9992318966,user188@ybl,SBI,Bill Payment,23412,Success,UPI,Madhya Pradesh,Nagpur,iOS
PP100188,2026-07-06 00:00:00,23:30:59,Customer_189,Merchant_23,9525778002,user189@ybl,ICICI,Food Payment,8051,Success,UPI,Madhya Pradesh,Kolhapur,iOS
PP100189,2026-07-06 00:00:00,15:09:13,Customer_190,Merchant_47,9297901125,user190@ybl,ICICI,Bill Payment,1819,Success,UPI,Madhya Pradesh,Nashik,Android
PP100190,2026-07-06 00:00:00,13:27:27,Customer_191,Merchant_31,9010467906,user191@ybl,Axis,Bill Payment,20811,Success,QR Code,Madhya Pradesh,Pune,Android
PP100191,2026-07-06 00:00:00,09:35:29,Customer_192,Merchant_11,9490269064,user192@ybl,SBI,Bill Payment,2800,Success,Phone Number,Maharashtra,Nagpur,Android
PP100192,2026-07-06 00:00:00,21:01:43,Customer_193,Merchant_10,9000824985,user193@ybl,Axis,Merchant Payment,1147,Success,Phone Number,Gujarat,Mumbai,iOS
PP100193,2026-07-06 00:00:00,21:08:10,Customer_194,Merchant_67,9877085822,user194@ybl,PNB,Merchant Payment,24934,Success,UPI,Madhya Pradesh,Aurangabad,Android
PP100194,2026-07-06 00:00:00,04:47:40,Customer_195,Merchant_14,9586221824,user195@ybl,Kotak,Bill Payment,7385,Success,Phone Number,Maharashtra,Pune,Android
PP100195,2026-07-06 00:00:00,01:03:32,Customer_196,Merchant_80,9871217558,user196@ybl,Axis,Food Payment,14655,Success,Phone Number,Gujarat,Kolhapur,Android
PP100196,2026-07-07 00:00:00,07:47:04,Customer_197,Merchant_74,9733801153,user197@ybl,HDFC,Bill Payment,7631,Success,UPI,Maharashtra,Aurangabad,Android
PP100197,2026-07-07 00:00:00,16:17:36,Customer_198,Merchant_93,9922257633,user198@ybl,ICICI,Food Payment,12666,Success,Phone Number,Madhya Pradesh,Pune,Android
PP100198,2026-07-07 00:00:00,07:34:45,Customer_199,Merchant_10,9910817837,user199@ybl,Kotak,Merchant Payment,7555,Pending,UPI,Karnataka,Nagpur,Android
PP100199,2026-07-07 00:00:00,00:26:45,Customer_200,Merchant_76,9899469302,user200@ybl,Canara,Merchant Payment,14524,Success,UPI,Maharashtra,Nagpur,Android
PP100200,2026-07-07 00:00:00,19:45:58,Customer_201,Merchant_94,9426859062,user201@ybl,PNB,Food Payment,9384,Success,UPI,Madhya Pradesh,Nashik,Android
PP100201,2026-07-07 00:00:00,20:05:03,Customer_202,Merchant_1,9493944599,user202@ybl,SBI,Merchant Payment,2828,Success,QR Code,Rajasthan,Kolhapur,iOS
PP100202,2026-07-07 00:00:00,07:32:19,Customer_203,Merchant_5,9577871909,user203@ybl,Kotak,Merchant Payment,13075,Failed,QR Code,Gujarat,Pune,Android
PP100203,2026-07-07 00:00:00,21:25:49,Customer_204,Merchant_20,9112961058,user204@ybl,Axis,Merchant Payment,4317,Success,UPI,Madhya Pradesh,Kolhapur,iOS
PP100204,2026-07-07 00:00:00,15:35:38,Customer_205,Merchant_8,9252049365,user205@ybl,ICICI,Food Payment,11229,Success,UPI,Rajasthan,Mumbai,Android
PP100205,2026-07-07 00:00:00,21:08:45,Customer_206,Merchant_43,9964366573,user206@ybl,ICICI,Food Payment,20963,Success,Phone Number,Maharashtra,Kolhapur,Android
PP100206,2026-07-07 00:00:00,03:51:58,Customer_207,Merchant_76,9943070455,user207@ybl,ICICI,Food Payment,468,Success,Phone Number,Maharashtra,Nagpur,Android
PP100207,2026-07-07 00:00:00,23:47:35,Customer_208,Merchant_1,9424715877,user208@ybl,Kotak,Bill Payment,5028,Success,Phone Number,Rajasthan,Nashik,Android
PP100208,2026-07-07 00:00:00,07:37:26,Customer_209,Merchant_57,9767511705,user209@ybl,ICICI,Bill Payment,21297,Success,UPI,Rajasthan,Nagpur,Android
PP100209,2026-07-07 00:00:00,03:37:26,Customer_210,Merchant_64,9539220234,user210@ybl,Axis,Merchant Payment,17197,Success,UPI,Gujarat,Aurangabad,Android
PP100210,2026-07-07 00:00:00,06:53:38,Customer_211,Merchant_84,9254255710,user211@ybl,SBI,Food Payment,16840,Success,UPI,Maharashtra,Nagpur,Android
PP100211,2026-07-07 00:00:00,01:12:04,Customer_212,Merchant_28,9369224492,user212@ybl,Kotak,Merchant Payment,6032,Success,UPI,Rajasthan,Pune,iOS
PP100212,2026-07-07 00:00:00,21:12:03,Customer_213,Merchant_37,9832198326,user213@ybl,ICICI,Bill Payment,22273,Success,QR Code,Karnataka,Nashik,Android
PP100213,2026-07-07 00:00:00,02:31:51,Customer_214,Merchant_47,9716442413,user214@ybl,Canara,Bill Payment,1640,Success,QR Code,Karnataka,Pune,Android
PP100214,2026-07-07 00:00:00,10:35:10,Customer_215,Merchant_76,9509358165,user215@ybl,Canara,Merchant Payment,13604,Success,Phone Number,Rajasthan,Mumbai,Android
PP100215,2026-07-07 00:00:00,04:33:09,Customer_216,Merchant_37,9176446888,user216@ybl,HDFC,Food Payment,20712,Success,Phone Number,Gujarat,Mumbai,Android
PP100216,2026-07-07 00:00:00,11:30:27,Customer_217,Merchant_49,9595206307,user217@ybl,ICICI,Bill Payment,968,Pending,UPI,Maharashtra,Nagpur,Android
PP100217,2026-07-07 00:00:00,22:06:19,Customer_218,Merchant_44,9551013106,user218@ybl,ICICI,Merchant Payment,20348,Success,QR Code,Karnataka,Nashik,Android
PP100218,2026-07-07 00:00:00,07:59:06,Customer_219,Merchant_56,9753527914,user219@ybl,Kotak,Merchant Payment,9339,Success,Phone Number,Rajasthan,Kolhapur,iOS
PP100219,2026-07-07 00:00:00,00:01:57,Customer_220,Merchant_28,9051359775,user220@ybl,Kotak,Food Payment,16595,Success,QR Code,Rajasthan,Nashik,Android
PP100220,2026-07-07 00:00:00,23:27:51,Customer_221,Merchant_79,9377903366,user221@ybl,BOB,Merchant Payment,12224,Success,UPI,Madhya Pradesh,Nashik,Android
PP100221,2026-07-07 00:00:00,03:40:34,Customer_222,Merchant_6,9746782234,user222@ybl,SBI,Merchant Payment,11972,Success,QR Code,Rajasthan,Nashik,Android
PP100222,2026-07-07 00:00:00,14:50:41,Customer_223,Merchant_61,9906874364,user223@ybl,ICICI,Merchant Payment,17807,Success,UPI,Gujarat,Nagpur,iOS
PP100223,2026-07-07 00:00:00,00:14:06,Customer_224,Merchant_20,9600921169,user224@ybl,HDFC,Merchant Payment,18394,Success,UPI,Karnataka,Pune,iOS
PP100224,2026-07-07 00:00:00,03:02:34,Customer_225,Merchant_78,9131579343,user225@ybl,SBI,Bill Payment,1124,Success,Phone Number,Madhya Pradesh,Nagpur,Android
PP100225,2026-07-07 00:00:00,22:00:39,Customer_226,Merchant_2,9248777767,user226@ybl,ICICI,Food Payment,568,Success,Phone Number,Karnataka,Kolhapur,Android
PP100226,2026-07-07 00:00:00,12:55:14,Customer_227,Merchant_73,9779603349,user227@ybl,SBI,Bill Payment,11660,Success,UPI,Karnataka,Pune,Android
PP100227,2026-07-07 00:00:00,01:47:49,Customer_228,Merchant_37,9531577651,user228@ybl,Axis,Bill Payment,22165,Success,UPI,Gujarat,Kolhapur,Android
PP100228,2026-07-07 00:00:00,08:21:45,Customer_229,Merchant_20,9645977260,user229@ybl,Kotak,Merchant Payment,7923,Success,Phone Number,Rajasthan,Aurangabad,iOS
PP100229,2026-07-07 00:00:00,11:41:41,Customer_230,Merchant_26,9069869471,user230@ybl,ICICI,Food Payment,18188,Success,UPI,Gujarat,Aurangabad,Android
PP100230,2026-07-08 00:00:00,17:52:03,Customer_231,Merchant_29,9858127096,user231@ybl,SBI,Merchant Payment,10633,Success,QR Code,Rajasthan,Pune,Android
PP100231,2026-07-08 00:00:00,16:07:47,Customer_232,Merchant_1,9608739418,user232@ybl,Kotak,Merchant Payment,17208,Success,UPI,Madhya Pradesh,Nagpur,Android
PP100232,2026-07-08 00:00:00,13:42:56,Customer_233,Merchant_35,9526821663,user233@ybl,ICICI,Merchant Payment,9010,Success,UPI,Gujarat,Kolhapur,Android
PP100233,2026-07-08 00:00:00,12:39:47,Customer_234,Merchant_70,9870045289,user234@ybl,PNB,Merchant Payment,11487,Success,Phone Number,Gujarat,Kolhapur,Android
PP100234,2026-07-08 00:00:00,10:16:16,Customer_235,Merchant_59,9536785574,user235@ybl,Kotak,Food Payment,23921,Failed,Phone Number,Maharashtra,Mumbai,Android
PP100235,2026-07-08 00:00:00,18:46:24,Customer_236,Merchant_69,9225155767,user236@ybl,SBI,Bill Payment,23235,Success,UPI,Gujarat,Kolhapur,Android
PP100236,2026-07-08 00:00:00,21:47:57,Customer_237,Merchant_33,9852920438,user237@ybl,HDFC,Bill Payment,23321,Success,QR Code,Maharashtra,Nagpur,iOS
PP100237,2026-07-08 00:00:00,11:48:53,Customer_238,Merchant_51,9849365391,user238@ybl,PNB,Food Payment,4258,Success,UPI,Rajasthan,Mumbai,Android
PP100238,2026-07-08 00:00:00,00:30:28,Customer_239,Merchant_78,9033053000,user239@ybl,Axis,Food Payment,19664,Success,UPI,Rajasthan,Nagpur,Android
PP100239,2026-07-08 00:00:00,00:31:57,Customer_240,Merchant_12,9797167796,user240@ybl,ICICI,Food Payment,4387,Success,Phone Number,Rajasthan,Nashik,Android
PP100240,2026-07-08 00:00:00,05:43:38,Customer_241,Merchant_20,9408615106,user241@ybl,BOB,Food Payment,5671,Success,QR Code,Maharashtra,Kolhapur,Android
PP100241,2026-07-08 00:00:00,08:57:34,Customer_242,Merchant_53,9114460723,user242@ybl,Axis,Merchant Payment,16224,Success,QR Code,Rajasthan,Nashik,Android
PP100242,2026-07-08 00:00:00,13:09:22,Customer_243,Merchant_88,9839463083,user243@ybl,Kotak,Merchant Payment,19775,Success,Phone Number,Karnataka,Aurangabad,Android
PP100243,2026-07-08 00:00:00,05:35:28,Customer_244,Merchant_43,9850218088,user244@ybl,PNB,Food Payment,2113,Pending,Phone Number,Gujarat,Aurangabad,Android
PP100244,2026-07-08 00:00:00,16:29:43,Customer_245,Merchant_98,9770792600,user245@ybl,Axis,Bill Payment,4021,Success,Phone Number,Maharashtra,Pune,Android
PP100245,2026-07-08 00:00:00,18:12:25,Customer_246,Merchant_89,9944767551,user246@ybl,HDFC,Bill Payment,22960,Success,UPI,Rajasthan,Kolhapur,Android
PP100246,2026-07-08 00:00:00,22:49:40,Customer_247,Merchant_50,9542578022,user247@ybl,BOB,Bill Payment,7830,Success,UPI,Karnataka,Mumbai,Android
PP100247,2026-07-08 00:00:00,02:44:25,Customer_248,Merchant_29,9704217260,user248@ybl,Kotak,Merchant Payment,11292,Success,QR Code,Gujarat,Nashik,Android
PP100248,2026-07-08 00:00:00,00:36:59,Customer_249,Merchant_57,9527515642,user249@ybl,PNB,Bill Payment,4574,Success,QR Code,Gujarat,Nagpur,iOS
PP100249,2026-07-08 00:00:00,11:03:29,Customer_250,Merchant_39,9335903939,user250@ybl,Axis,Merchant Payment,18921,Success,Phone Number,Rajasthan,Kolhapur,Android
PP100250,2026-07-08 00:00:00,01:28:07,Customer_251,Merchant_95,9083629277,user251@ybl,PNB,Food Payment,8717,Success,Phone Number,Karnataka,Pune,Android
PP100251,2026-07-08 00:00:00,09:33:07,Customer_252,Merchant_56,9091707713,user252@ybl,PNB,Bill Payment,22209,Success,Phone Number,Maharashtra,Nagpur,Android
PP100252,2026-07-08 00:00:00,02:21:52,Customer_253,Merchant_43,9587768129,user253@ybl,Axis,Bill Payment,17500,Success,UPI,Rajasthan,Nashik,iOS
PP100253,2026-07-08 00:00:00,00:22:22,Customer_254,Merchant_50,9759893792,user254@ybl,Canara,Food Payment,12391,Success,Phone Number,Gujarat,Kolhapur,Android
PP100254,2026-07-08 00:00:00,17:31:16,Customer_255,Merchant_23,9274290284,user255@ybl,ICICI,Food Payment,9256,Success,UPI,Gujarat,Nashik,Android
PP100255,2026-07-08 00:00:00,05:20:16,Customer_256,Merchant_44,9916136366,user256@ybl,SBI,Merchant Payment,13789,Success,Phone Number,Gujarat,Kolhapur,iOS
PP100256,2026-07-08 00:00:00,22:09:27,Customer_257,Merchant_38,9058129483,user257@ybl,Kotak,Merchant Payment,7081,Success,UPI,Rajasthan,Kolhapur,iOS
PP100257,2026-07-08 00:00:00,07:23:34,Customer_258,Merchant_84,9035403599,user258@ybl,Kotak,Food Payment,18608,Success,QR Code,Madhya Pradesh,Nashik,Android
PP100258,2026-07-08 00:00:00,10:04:18,Customer_259,Merchant_23,9384789450,user259@ybl,BOB,Merchant Payment,3922,Success,Phone Number,Madhya Pradesh,Nashik,Android
PP100259,2026-07-08 00:00:00,11:41:18,Customer_260,Merchant_45,9631425762,user260@ybl,BOB,Food Payment,1372,Success,QR Code,Madhya Pradesh,Nagpur,Android
PP100260,2026-07-08 00:00:00,23:12:04,Customer_261,Merchant_52,9719830764,user261@ybl,BOB,Merchant Payment,1616,Success,QR Code,Karnataka,Pune,Android
PP100261,2026-07-09 00:00:00,03:23:39,Customer_262,Merchant_80,9946475481,user262@ybl,Kotak,Bill Payment,8787,Success,Phone Number,Rajasthan,Nashik,Android
PP100262,2026-07-09 00:00:00,00:03:55,Customer_263,Merchant_50,9072697598,user263@ybl,PNB,Merchant Payment,23384,Success,QR Code,Gujarat,Aurangabad,Android
PP100263,2026-07-09 00:00:00,11:55:29,Customer_264,Merchant_8,9694716380,user264@ybl,BOB,Food Payment,699,Success,QR Code,Karnataka,Pune,Android
PP100264,2026-07-09 00:00:00,18:44:04,Customer_265,Merchant_85,9657400895,user265@ybl,Axis,Bill Payment,20116,Success,UPI,Madhya Pradesh,Aurangabad,Android
PP100265,2026-07-09 00:00:00,02:22:47,Customer_266,Merchant_1,9940552700,user266@ybl,ICICI,Bill Payment,12040,Success,Phone Number,Maharashtra,Nagpur,Android
PP100266,2026-07-09 00:00:00,19:39:52,Customer_267,Merchant_8,9590505275,user267@ybl,HDFC,Food Payment,12116,Success,QR Code,Karnataka,Nashik,Android
PP100267,2026-07-09 00:00:00,18:10:41,Customer_268,Merchant_29,9047254590,user268@ybl,Kotak,Bill Payment,11405,Success,QR Code,Karnataka,Pune,Android
PP100268,2026-07-09 00:00:00,23:29:15,Customer_269,Merchant_96,9681949355,user269@ybl,Axis,Bill Payment,8529,Success,UPI,Rajasthan,Nashik,Android
PP100269,2026-07-09 00:00:00,20:28:18,Customer_270,Merchant_5,9113086622,user270@ybl,ICICI,Merchant Payment,21705,Success,QR Code,Karnataka,Kolhapur,Android
PP100270,2026-07-09 00:00:00,01:30:15,Customer_271,Merchant_86,9022332977,user271@ybl,ICICI,Merchant Payment,5754,Success,UPI,Rajasthan,Nashik,Android
PP100271,2026-07-09 00:00:00,10:02:39,Customer_272,Merchant_47,9061023594,user272@ybl,Canara,Merchant Payment,15695,Success,UPI,Maharashtra,Pune,Android
PP100272,2026-07-09 00:00:00,12:12:05,Customer_273,Merchant_34,9373912577,user273@ybl,SBI,Merchant Payment,24385,Success,QR Code,Gujarat,Nashik,Android
PP100273,2026-07-09 00:00:00,01:39:11,Customer_274,Merchant_65,9861767269,user274@ybl,Axis,Merchant Payment,22296,Success,UPI,Gujarat,Nashik,Android
PP100274,2026-07-09 00:00:00,02:13:27,Customer_275,Merchant_55,9829511446,user275@ybl,Kotak,Food Payment,20100,Pending,UPI,Madhya Pradesh,Mumbai,Android
PP100275,2026-07-09 00:00:00,11:37:12,Customer_276,Merchant_90,9164579365,user276@ybl,BOB,Bill Payment,12713,Success,QR Code,Madhya Pradesh,Mumbai,Android
PP100276,2026-07-09 00:00:00,16:16:36,Customer_277,Merchant_43,9917984935,user277@ybl,PNB,Merchant Payment,23533,Failed,UPI,Maharashtra,Pune,Android
PP100277,2026-07-09 00:00:00,08:28:43,Customer_278,Merchant_74,9729033082,user278@ybl,BOB,Merchant Payment,19400,Success,UPI,Gujarat,Pune,Android
PP100278,2026-07-09 00:00:00,04:18:44,Customer_279,Merchant_30,9457525035,user279@ybl,ICICI,Food Payment,23641,Success,UPI,Madhya Pradesh,Kolhapur,iOS
PP100279,2026-07-09 00:00:00,05:21:22,Customer_280,Merchant_82,9692860108,user280@ybl,ICICI,Food Payment,23731,Success,QR Code,Karnataka,Kolhapur,Android
PP100280,2026-07-09 00:00:00,06:38:50,Customer_281,Merchant_17,9869243681,user281@ybl,HDFC,Food Payment,7427,Failed,Phone Number,Rajasthan,Nashik,iOS
PP100281,2026-07-09 00:00:00,00:01:17,Customer_282,Merchant_26,9789989688,user282@ybl,BOB,Merchant Payment,11806,Success,Phone Number,Madhya Pradesh,Aurangabad,iOS
PP100282,2026-07-09 00:00:00,05:43:31,Customer_283,Merchant_8,9231924456,user283@ybl,SBI,Food Payment,2562,Success,UPI,Maharashtra,Pune,Android
PP100283,2026-07-09 00:00:00,04:43:04,Customer_284,Merchant_47,9601891502,user284@ybl,SBI,Merchant Payment,17082,Success,UPI,Gujarat,Nashik,Android
PP100284,2026-07-09 00:00:00,03:54:20,Customer_285,Merchant_76,9124958936,user285@ybl,Canara,Merchant Payment,5386,Success,UPI,Maharashtra,Aurangabad,Android
PP100285,2026-07-09 00:00:00,23:03:05,Customer_286,Merchant_91,9519766700,user286@ybl,SBI,Food Payment,22047,Success,QR Code,Rajasthan,Mumbai,Android
PP100286,2026-07-09 00:00:00,23:20:56,Customer_287,Merchant_72,9734749354,user287@ybl,ICICI,Food Payment,7430,Success,Phone Number,Rajasthan,Kolhapur,Android
PP100287,2026-07-09 00:00:00,12:01:43,Customer_288,Merchant_89,9696342332,user288@ybl,ICICI,Food Payment,9855,Success,UPI,Maharashtra,Pune,iOS
PP100288,2026-07-09 00:00:00,16:26:47,Customer_289,Merchant_46,9944633853,user289@ybl,SBI,Bill Payment,13667,Success,UPI,Madhya Pradesh,Nashik,Android
PP100289,2026-07-09 00:00:00,20:50:46,Customer_290,Merchant_68,9151453261,user290@ybl,PNB,Bill Payment,5561,Success,UPI,Madhya Pradesh,Mumbai,Android
PP100290,2026-07-10 00:00:00,08:08:07,Customer_291,Merchant_33,9535333862,user291@ybl,PNB,Merchant Payment,17238,Success,QR Code,Gujarat,Nagpur,Android
PP100291,2026-07-10 00:00:00,11:01:51,Customer_292,Merchant_1,9255383831,user292@ybl,SBI,Food Payment,10453,Failed,Phone Number,Gujarat,Mumbai,iOS
PP100292,2026-07-10 00:00:00,03:19:14,Customer_293,Merchant_19,9143645931,user293@ybl,HDFC,Bill Payment,10567,Success,QR Code,Karnataka,Nashik,Android
PP100293,2026-07-10 00:00:00,20:22:20,Customer_294,Merchant_31,9989632928,user294@ybl,Axis,Bill Payment,9880,Pending,Phone Number,Karnataka,Kolhapur,Android
PP100294,2026-07-10 00:00:00,20:01:41,Customer_295,Merchant_80,9424139117,user295@ybl,HDFC,Merchant Payment,22430,Success,QR Code,Gujarat,Aurangabad,Android
PP100295,2026-07-10 00:00:00,19:52:00,Customer_296,Merchant_14,9064706436,user296@ybl,HDFC,Food Payment,10765,Success,UPI,Karnataka,Nagpur,Android
PP100296,2026-07-10 00:00:00,05:09:34,Customer_297,Merchant_53,9910004961,user297@ybl,SBI,Merchant Payment,24876,Success,UPI,Maharashtra,Nagpur,Android
PP100297,2026-07-10 00:00:00,02:33:04,Customer_298,Merchant_48,9973297122,user298@ybl,PNB,Bill Payment,24374,Success,Phone Number,Madhya Pradesh,Kolhapur,iOS
PP100298,2026-07-10 00:00:00,05:18:16,Customer_299,Merchant_69,9905101535,user299@ybl,BOB,Food Payment,6838,Success,QR Code,Karnataka,Nagpur,Android
PP100299,2026-07-10 00:00:00,18:48:48,Customer_300,Merchant_90,9899707859,user300@ybl,BOB,Bill Payment,14121,Success,QR Code,Karnataka,Pune,iOS
PP100300,2026-07-10 00:00:00,09:26:56,Customer_301,Merchant_62,9455831819,user301@ybl,SBI,Food Payment,5048,Success,Phone Number,Maharashtra,Nashik,Android
PP100301,2026-07-10 00:00:00,03:07:26,Customer_302,Merchant_92,9817898981,user302@ybl,BOB,Food Payment,15818,Success,QR Code,Rajasthan,Nagpur,iOS
PP100302,2026-07-10 00:00:00,12:39:18,Customer_303,Merchant_66,9361023751,user303@ybl,Axis,Bill Payment,10974,Success,Phone Number,Gujarat,Mumbai,Android
PP100303,2026-07-10 00:00:00,05:06:21,Customer_304,Merchant_64,9814367494,user304@ybl,PNB,Food Payment,21107,Success,QR Code,Maharashtra,Aurangabad,Android
PP100304,2026-07-10 00:00:00,10:07:35,Customer_305,Merchant_70,9171957533,user305@ybl,SBI,Food Payment,12790,Success,Phone Number,Rajasthan,Nashik,iOS
PP100305,2026-07-10 00:00:00,01:06:58,Customer_306,Merchant_63,9537803315,user306@ybl,Canara,Merchant Payment,9458,Success,UPI,Maharashtra,Kolhapur,Android
PP100306,2026-07-10 00:00:00,03:08:22,Customer_307,Merchant_73,9264347265,user307@ybl,Kotak,Merchant Payment,18176,Success,Phone Number,Madhya Pradesh,Mumbai,Android
PP100307,2026-07-10 00:00:00,18:45:06,Customer_308,Merchant_33,9066085143,user308@ybl,Kotak,Bill Payment,18568,Success,Phone Number,Maharashtra,Pune,Android
PP100308,2026-07-10 00:00:00,11:25:57,Customer_309,Merchant_41,9670420256,user309@ybl,SBI,Food Payment,7131,Success,QR Code,Maharashtra,Nagpur,Android
PP100309,2026-07-10 00:00:00,15:15:17,Customer_310,Merchant_89,9732485851,user310@ybl,SBI,Merchant Payment,24787,Success,Phone Number,Madhya Pradesh,Mumbai,Android
PP100310,2026-07-10 00:00:00,23:05:22,Customer_311,Merchant_48,9487603665,user311@ybl,Canara,Merchant Payment,19239,Success,Phone Number,Gujarat,Nashik,Android
PP100311,2026-07-10 00:00:00,06:48:39,Customer_312,Merchant_13,9759232094,user312@ybl,BOB,Merchant Payment,19069,Success,UPI,Rajasthan,Mumbai,Android
PP100312,2026-07-10 00:00:00,15:46:59,Customer_313,Merchant_73,9001357202,user313@ybl,Kotak,Food Payment,6133,Success,QR Code,Karnataka,Pune,Android
PP100313,2026-07-10 00:00:00,22:28:30,Customer_314,Merchant_77,9243386325,user314@ybl,Axis,Merchant Payment,2583,Success,UPI,Gujarat,Aurangabad,Android
PP100314,2026-07-11 00:00:00,19:48:44,Customer_315,Merchant_31,9258534527,user315@ybl,SBI,Food Payment,15909,Success,Phone Number,Maharashtra,Nagpur,Android
PP100315,2026-07-11 00:00:00,01:30:08,Customer_316,Merchant_75,9379929683,user316@ybl,PNB,Bill Payment,8518,Success,Phone Number,Karnataka,Nashik,Android
PP100316,2026-07-11 00:00:00,16:29:39,Customer_317,Merchant_68,9726269951,user317@ybl,Kotak,Merchant Payment,8151,Success,UPI,Madhya Pradesh,Nagpur,iOS
PP100317,2026-07-11 00:00:00,06:57:33,Customer_318,Merchant_98,9253509027,user318@ybl,Axis,Merchant Payment,2716,Success,UPI,Gujarat,Nagpur,Android
PP100318,2026-07-11 00:00:00,02:37:26,Customer_319,Merchant_4,9735766389,user319@ybl,PNB,Bill Payment,21091,Success,QR Code,Rajasthan,Kolhapur,Android
PP100319,2026-07-11 00:00:00,00:15:22,Customer_320,Merchant_19,9524447885,user320@ybl,SBI,Bill Payment,23725,Success,QR Code,Gujarat,Nagpur,iOS
PP100320,2026-07-11 00:00:00,14:15:56,Customer_321,Merchant_70,9583530695,user321@ybl,Axis,Merchant Payment,23417,Success,UPI,Gujarat,Mumbai,Android
PP100321,2026-07-11 00:00:00,02:59:49,Customer_322,Merchant_98,9866189852,user322@ybl,Canara,Bill Payment,7724,Failed,QR Code,Karnataka,Mumbai,Android
PP100322,2026-07-11 00:00:00,18:30:56,Customer_323,Merchant_82,9032023782,user323@ybl,SBI,Bill Payment,21975,Success,QR Code,Madhya Pradesh,Aurangabad,Android
PP100323,2026-07-11 00:00:00,12:13:48,Customer_324,Merchant_13,9594539568,user324@ybl,HDFC,Food Payment,23740,Success,UPI,Madhya Pradesh,Pune,Android
PP100324,2026-07-11 00:00:00,17:54:44,Customer_325,Merchant_23,9965010899,user325@ybl,Canara,Bill Payment,16462,Success,Phone Number,Gujarat,Nashik,Android
PP100325,2026-07-11 00:00:00,08:55:54,Customer_326,Merchant_83,9861530041,user326@ybl,Kotak,Merchant Payment,9785,Success,Phone Number,Madhya Pradesh,Mumbai,Android
PP100326,2026-07-11 00:00:00,23:01:10,Customer_327,Merchant_75,9303593061,user327@ybl,PNB,Food Payment,17544,Success,Phone Number,Karnataka,Nagpur,Android
PP100327,2026-07-11 00:00:00,00:38:56,Customer_328,Merchant_1,9827723138,user328@ybl,Axis,Food Payment,10022,Success,Phone Number,Karnataka,Pune,Android
PP100328,2026-07-11 00:00:00,18:49:39,Customer_329,Merchant_88,9123406968,user329@ybl,Kotak,Merchant Payment,11410,Success,UPI,Rajasthan,Nashik,Android
PP100329,2026-07-11 00:00:00,05:17:09,Customer_330,Merchant_54,9351319460,user330@ybl,Kotak,Food Payment,11688,Success,UPI,Madhya Pradesh,Nashik,Android
PP100330,2026-07-11 00:00:00,16:26:41,Customer_331,Merchant_71,9996955775,user331@ybl,SBI,Food Payment,18966,Success,UPI,Rajasthan,Nashik,Android
PP100331,2026-07-11 00:00:00,08:57:45,Customer_332,Merchant_89,9241489094,user332@ybl,HDFC,Merchant Payment,19256,Success,Phone Number,Maharashtra,Nashik,Android
PP100332,2026-07-11 00:00:00,12:11:12,Customer_333,Merchant_85,9568546041,user333@ybl,BOB,Food Payment,16264,Success,Phone Number,Karnataka,Aurangabad,Android
PP100333,2026-07-11 00:00:00,12:49:57,Customer_334,Merchant_15,9364512615,user334@ybl,Kotak,Bill Payment,6661,Success,Phone Number,Gujarat,Nashik,Android
PP100334,2026-07-12 00:00:00,15:19:40,Customer_335,Merchant_65,9490931301,user335@ybl,HDFC,Merchant Payment,961,Success,Phone Number,Karnataka,Pune,Android
PP100335,2026-07-12 00:00:00,06:35:10,Customer_336,Merchant_76,9751598684,user336@ybl,PNB,Merchant Payment,12835,Success,QR Code,Maharashtra,Mumbai,iOS
PP100336,2026-07-12 00:00:00,08:11:26,Customer_337,Merchant_71,9662608954,user337@ybl,PNB,Merchant Payment,6561,Success,QR Code,Gujarat,Pune,iOS
PP100337,2026-07-12 00:00:00,19:58:27,Customer_338,Merchant_15,9649496962,user338@ybl,Axis,Merchant Payment,15644,Success,QR Code,Madhya Pradesh,Nagpur,Android
PP100338,2026-07-12 00:00:00,19:58:15,Customer_339,Merchant_21,9292552277,user339@ybl,BOB,Merchant Payment,9986,Success,UPI,Madhya Pradesh,Kolhapur,Android
PP100339,2026-07-12 00:00:00,17:53:55,Customer_340,Merchant_19,9693324276,user340@ybl,HDFC,Merchant Payment,23834,Success,UPI,Karnataka,Aurangabad,Android
PP100340,2026-07-12 00:00:00,11:17:11,Customer_341,Merchant_60,9284866518,user341@ybl,Canara,Merchant Payment,1441,Success,Phone Number,Gujarat,Aurangabad,iOS
PP100341,2026-07-12 00:00:00,05:35:03,Customer_342,Merchant_93,9570409770,user342@ybl,PNB,Bill Payment,5785,Success,QR Code,Gujarat,Nagpur,Android
PP100342,2026-07-12 00:00:00,17:59:32,Customer_343,Merchant_89,9818098386,user343@ybl,SBI,Food Payment,16839,Success,QR Code,Rajasthan,Pune,Android
PP100343,2026-07-12 00:00:00,03:59:42,Customer_344,Merchant_33,9548118278,user344@ybl,BOB,Merchant Payment,17243,Success,QR Code,Maharashtra,Pune,Android
PP100344,2026-07-12 00:00:00,23:24:51,Customer_345,Merchant_49,9730381297,user345@ybl,Axis,Food Payment,4021,Success,UPI,Madhya Pradesh,Nagpur,Android
PP100345,2026-07-12 00:00:00,01:02:36,Customer_346,Merchant_96,9576483511,user346@ybl,Canara,Bill Payment,12667,Success,QR Code,Karnataka,Kolhapur,Android
PP100346,2026-07-12 00:00:00,05:43:29,Customer_347,Merchant_35,9196118622,user347@ybl,PNB,Bill Payment,5268,Failed,QR Code,Gujarat,Nashik,Android
PP100347,2026-07-12 00:00:00,04:34:38,Customer_348,Merchant_44,9649578026,user348@ybl,PNB,Bill Payment,4979,Success,QR Code,Madhya Pradesh,Nashik,Android
PP100348,2026-07-12 00:00:00,11:01:06,Customer_349,Merchant_90,9567521602,user349@ybl,Axis,Food Payment,18054,Success,Phone Number,Karnataka,Mumbai,Android
PP100349,2026-07-12 00:00:00,21:01:23,Customer_350,Merchant_11,9304921275,user350@ybl,Axis,Merchant Payment,22232,Success,QR Code,Madhya Pradesh,Pune,Android
PP100350,2026-07-12 00:00:00,19:48:35,Customer_351,Merchant_99,9655276654,user351@ybl,ICICI,Merchant Payment,18665,Success,QR Code,Karnataka,Pune,Android
PP100351,2026-07-12 00:00:00,21:37:14,Customer_352,Merchant_72,9974880562,user352@ybl,SBI,Merchant Payment,22298,Success,Phone Number,Madhya Pradesh,Nagpur,Android
PP100352,2026-07-12 00:00:00,03:55:53,Customer_353,Merchant_78,9661604866,user353@ybl,Kotak,Merchant Payment,22682,Success,Phone Number,Rajasthan,Nagpur,iOS
PP100353,2026-07-12 00:00:00,21:12:05,Customer_354,Merchant_74,9172729613,user354@ybl,Kotak,Food Payment,3909,Success,Phone Number,Maharashtra,Nashik,Android
PP100354,2026-07-12 00:00:00,03:36:39,Customer_355,Merchant_66,9584849706,user355@ybl,Canara,Food Payment,23301,Failed,UPI,Madhya Pradesh,Pune,Android
PP100355,2026-07-12 00:00:00,15:21:58,Customer_356,Merchant_46,9345408189,user356@ybl,Kotak,Food Payment,1346,Success,UPI,Maharashtra,Pune,Android
PP100356,2026-07-12 00:00:00,00:13:34,Customer_357,Merchant_9,9185855172,user357@ybl,Canara,Food Payment,5921,Success,UPI,Madhya Pradesh,Aurangabad,Android
PP100357,2026-07-12 00:00:00,21:07:57,Customer_358,Merchant_3,9642072103,user358@ybl,BOB,Bill Payment,3378,Pending,UPI,Gujarat,Mumbai,Android
PP100358,2026-07-12 00:00:00,00:40:43,Customer_359,Merchant_85,9720380181,user359@ybl,PNB,Food Payment,1605,Success,Phone Number,Rajasthan,Mumbai,Android
PP100359,2026-07-12 00:00:00,21:06:33,Customer_360,Merchant_26,9262852809,user360@ybl,ICICI,Food Payment,13520,Success,QR Code,Rajasthan,Nashik,Android
PP100360,2026-07-12 00:00:00,21:05:16,Customer_361,Merchant_72,9201761185,user361@ybl,ICICI,Food Payment,11580,Success,UPI,Maharashtra,Kolhapur,Android
PP100361,2026-07-12 00:00:00,20:21:59,Customer_362,Merchant_48,9495869983,user362@ybl,SBI,Merchant Payment,22049,Success,UPI,Gujarat,Pune,Android
PP100362,2026-07-12 00:00:00,04:49:28,Customer_363,Merchant_66,9173837889,user363@ybl,SBI,Food Payment,16792,Failed,UPI,Karnataka,Aurangabad,Android
PP100363,2026-07-12 00:00:00,04:15:28,Customer_364,Merchant_70,9302834643,user364@ybl,PNB,Bill Payment,15838,Success,QR Code,Rajasthan,Pune,Android
PP100364,2026-07-12 00:00:00,15:49:02,Customer_365,Merchant_28,9113998728,user365@ybl,Axis,Food Payment,19195,Success,Phone Number,Gujarat,Nagpur,Android
PP100365,2026-07-12 00:00:00,07:35:06,Customer_366,Merchant_93,9424937497,user366@ybl,SBI,Merchant Payment,3352,Success,Phone Number,Gujarat,Nashik,Android
PP100366,2026-07-12 00:00:00,23:44:11,Customer_367,Merchant_26,9836157667,user367@ybl,SBI,Bill Payment,17107,Success,Phone Number,Maharashtra,Kolhapur,Android
PP100367,2026-07-12 00:00:00,11:05:15,Customer_368,Merchant_25,9646924681,user368@ybl,HDFC,Bill Payment,22238,Success,UPI,Gujarat,Mumbai,Android
PP100368,2026-07-12 00:00:00,10:20:19,Customer_369,Merchant_12,9360189696,user369@ybl,HDFC,Food Payment,2840,Success,UPI,Gujarat,Pune,Android
PP100369,2026-07-12 00:00:00,22:27:59,Customer_370,Merchant_5,9529215342,user370@ybl,Kotak,Merchant Payment,15492,Success,UPI,Karnataka,Kolhapur,Android
PP100370,2026-07-12 00:00:00,17:57:24,Customer_371,Merchant_98,9527838626,user371@ybl,Axis,Food Payment,24457,Success,QR Code,Maharashtra,Nashik,iOS
PP100371,2026-07-13 00:00:00,16:44:39,Customer_372,Merchant_48,9025362085,user372@ybl,Canara,Merchant Payment,4979,Success,Phone Number,Maharashtra,Mumbai,iOS
PP100372,2026-07-13 00:00:00,14:43:48,Customer_373,Merchant_37,9727132906,user373@ybl,BOB,Merchant Payment,17463,Success,QR Code,Gujarat,Pune,Android
PP100373,2026-07-13 00:00:00,00:02:06,Customer_374,Merchant_79,9913857165,user374@ybl,ICICI,Bill Payment,12386,Success,Phone Number,Karnataka,Aurangabad,Android
PP100374,2026-07-13 00:00:00,14:32:09,Customer_375,Merchant_44,9860792125,user375@ybl,Kotak,Merchant Payment,1321,Failed,QR Code,Madhya Pradesh,Nashik,Android
PP100375,2026-07-13 00:00:00,07:40:32,Customer_376,Merchant_100,9294576723,user376@ybl,SBI,Food Payment,10571,Failed,UPI,Rajasthan,Pune,Android
PP100376,2026-07-13 00:00:00,18:08:30,Customer_377,Merchant_15,9568077532,user377@ybl,PNB,Bill Payment,24100,Success,UPI,Maharashtra,Mumbai,Android
PP100377,2026-07-13 00:00:00,15:19:36,Customer_378,Merchant_43,9257605668,user378@ybl,Axis,Merchant Payment,20703,Success,QR Code,Karnataka,Mumbai,Android
PP100378,2026-07-13 00:00:00,23:54:26,Customer_379,Merchant_48,9940134802,user379@ybl,SBI,Merchant Payment,22475,Success,Phone Number,Karnataka,Aurangabad,iOS
PP100379,2026-07-13 00:00:00,12:18:47,Customer_380,Merchant_87,9423230736,user380@ybl,ICICI,Bill Payment,4132,Success,UPI,Gujarat,Nashik,Android
PP100380,2026-07-13 00:00:00,19:08:24,Customer_381,Merchant_70,9115151367,user381@ybl,Canara,Merchant Payment,24285,Success,Phone Number,Rajasthan,Nashik,Android
PP100381,2026-07-13 00:00:00,01:03:17,Customer_382,Merchant_46,9281773001,user382@ybl,Canara,Merchant Payment,12783,Success,Phone Number,Maharashtra,Kolhapur,iOS
PP100382,2026-07-13 00:00:00,13:18:02,Customer_383,Merchant_43,9811566857,user383@ybl,HDFC,Merchant Payment,11794,Success,QR Code,Madhya Pradesh,Pune,Android
PP100383,2026-07-13 00:00:00,03:48:38,Customer_384,Merchant_21,9510487344,user384@ybl,Kotak,Bill Payment,24805,Success,Phone Number,Gujarat,Kolhapur,iOS
PP100384,2026-07-13 00:00:00,09:36:00,Customer_385,Merchant_23,9524190096,user385@ybl,SBI,Merchant Payment,16902,Pending,QR Code,Maharashtra,Mumbai,Android
PP100385,2026-07-13 00:00:00,21:16:29,Customer_386,Merchant_80,9134615068,user386@ybl,PNB,Food Payment,8640,Success,Phone Number,Maharashtra,Mumbai,Android
PP100386,2026-07-13 00:00:00,06:08:36,Customer_387,Merchant_47,9443284784,user387@ybl,ICICI,Bill Payment,7265,Success,Phone Number,Karnataka,Aurangabad,Android
PP100387,2026-07-13 00:00:00,10:04:04,Customer_388,Merchant_15,9981835551,user388@ybl,SBI,Merchant Payment,11851,Success,Phone Number,Rajasthan,Aurangabad,Android
PP100388,2026-07-13 00:00:00,00:27:25,Customer_389,Merchant_25,9650160007,user389@ybl,BOB,Merchant Payment,2125,Success,QR Code,Madhya Pradesh,Nashik,Android
PP100389,2026-07-13 00:00:00,13:12:03,Customer_390,Merchant_36,9331098635,user390@ybl,Canara,Food Payment,9765,Success,QR Code,Rajasthan,Kolhapur,Android
PP100390,2026-07-13 00:00:00,05:20:56,Customer_391,Merchant_75,9161977071,user391@ybl,SBI,Food Payment,21731,Success,UPI,Karnataka,Mumbai,Android
PP100391,2026-07-13 00:00:00,14:46:13,Customer_392,Merchant_51,9504690165,user392@ybl,ICICI,Bill Payment,5650,Success,UPI,Madhya Pradesh,Pune,Android
PP100392,2026-07-13 00:00:00,10:23:50,Customer_393,Merchant_15,9291932671,user393@ybl,PNB,Food Payment,3226,Success,Phone Number,Madhya Pradesh,Nagpur,Android
PP100393,2026-07-13 00:00:00,10:54:42,Customer_394,Merchant_68,9967559030,user394@ybl,ICICI,Food Payment,23541,Success,Phone Number,Gujarat,Pune,Android
PP100394,2026-07-13 00:00:00,17:36:14,Customer_395,Merchant_21,9314989272,user395@ybl,Kotak,Food Payment,18973,Success,QR Code,Madhya Pradesh,Aurangabad,iOS
PP100395,2026-07-13 00:00:00,18:57:24,Customer_396,Merchant_13,9537570500,user396@ybl,HDFC,Food Payment,2648,Success,UPI,Maharashtra,Pune,Android
PP100396,2026-07-13 00:00:00,03:14:54,Customer_397,Merchant_86,9762586253,user397@ybl,ICICI,Merchant Payment,10088,Success,UPI,Rajasthan,Mumbai,Android
PP100397,2026-07-13 00:00:00,15:37:44,Customer_398,Merchant_19,9289101690,user398@ybl,Axis,Food Payment,13414,Success,QR Code,Rajasthan,Kolhapur,iOS
PP100398,2026-07-13 00:00:00,20:51:00,Customer_399,Merchant_34,9568752762,user399@ybl,SBI,Merchant Payment,23168,Success,UPI,Gujarat,Nashik,iOS
PP100399,2026-07-13 00:00:00,15:59:05,Customer_400,Merchant_78,9812103454,user400@ybl,HDFC,Merchant Payment,1087,Success,UPI,Madhya Pradesh,Kolhapur,Android
PP100400,2026-07-13 00:00:00,10:53:44,Customer_401,Merchant_68,9020445790,user401@ybl,PNB,Food Payment,17910,Pending,Phone Number,Karnataka,Nagpur,Android
PP100401,2026-07-13 00:00:00,03:40:24,Customer_402,Merchant_52,9390866461,user402@ybl,HDFC,Bill Payment,19417,Pending,UPI,Maharashtra,Nashik,Android
PP100402,2026-07-14 00:00:00,11:18:58,Customer_403,Merchant_27,9362191045,user403@ybl,ICICI,Bill Payment,15265,Success,QR Code,Gujarat,Nagpur,Android
PP100403,2026-07-14 00:00:00,06:59:10,Customer_404,Merchant_29,9583054952,user404@ybl,ICICI,Merchant Payment,9879,Success,Phone Number,Madhya Pradesh,Nagpur,Android
PP100404,2026-07-14 00:00:00,17:42:11,Customer_405,Merchant_28,9150669690,user405@ybl,Axis,Bill Payment,6662,Success,UPI,Karnataka,Mumbai,Android
PP100405,2026-07-14 00:00:00,13:48:08,Customer_406,Merchant_35,9368416906,user406@ybl,Canara,Food Payment,15397,Pending,QR Code,Madhya Pradesh,Mumbai,iOS
PP100406,2026-07-14 00:00:00,20:25:09,Customer_407,Merchant_8,9569226108,user407@ybl,SBI,Bill Payment,4086,Success,Phone Number,Gujarat,Aurangabad,Android
PP100407,2026-07-14 00:00:00,02:22:57,Customer_408,Merchant_16,9866291680,user408@ybl,Axis,Bill Payment,967,Success,QR Code,Karnataka,Aurangabad,iOS
PP100408,2026-07-14 00:00:00,02:14:30,Customer_409,Merchant_36,9356969134,user409@ybl,ICICI,Food Payment,20793,Success,QR Code,Karnataka,Nagpur,Android
PP100409,2026-07-14 00:00:00,02:24:26,Customer_410,Merchant_30,9009292780,user410@ybl,BOB,Merchant Payment,24547,Success,QR Code,Karnataka,Kolhapur,Android
PP100410,2026-07-14 00:00:00,16:02:41,Customer_411,Merchant_18,9191316865,user411@ybl,HDFC,Food Payment,1191,Success,Phone Number,Karnataka,Aurangabad,Android
PP100411,2026-07-14 00:00:00,10:06:08,Customer_412,Merchant_2,9909844587,user412@ybl,Axis,Merchant Payment,15851,Success,Phone Number,Madhya Pradesh,Mumbai,iOS
PP100412,2026-07-14 00:00:00,01:53:03,Customer_413,Merchant_49,9770074818,user413@ybl,Axis,Merchant Payment,6134,Success,UPI,Karnataka,Aurangabad,Android
PP100413,2026-07-14 00:00:00,11:38:34,Customer_414,Merchant_77,9783004179,user414@ybl,SBI,Bill Payment,191,Success,UPI,Madhya Pradesh,Nagpur,Android
PP100414,2026-07-14 00:00:00,19:35:07,Customer_415,Merchant_4,9441679019,user415@ybl,BOB,Bill Payment,22086,Success,UPI,Karnataka,Nashik,iOS
PP100415,2026-07-14 00:00:00,21:57:06,Customer_416,Merchant_90,9341080313,user416@ybl,BOB,Merchant Payment,12838,Success,UPI,Karnataka,Kolhapur,Android
PP100416,2026-07-14 00:00:00,18:45:26,Customer_417,Merchant_89,9778462939,user417@ybl,BOB,Merchant Payment,9355,Success,QR Code,Gujarat,Kolhapur,Android
PP100417,2026-07-14 00:00:00,19:40:35,Customer_418,Merchant_94,9899014210,user418@ybl,SBI,Food Payment,10071,Failed,UPI,Madhya Pradesh,Pune,iOS
PP100418,2026-07-14 00:00:00,12:42:45,Customer_419,Merchant_75,9920007206,user419@ybl,Canara,Merchant Payment,22260,Success,QR Code,Madhya Pradesh,Aurangabad,iOS
PP100419,2026-07-14 00:00:00,05:32:36,Customer_420,Merchant_7,9927334563,user420@ybl,ICICI,Bill Payment,6229,Success,Phone Number,Rajasthan,Kolhapur,Android
PP100420,2026-07-14 00:00:00,12:50:40,Customer_421,Merchant_95,9750089597,user421@ybl,ICICI,Bill Payment,10400,Success,UPI,Gujarat,Mumbai,Android
PP100421,2026-07-14 00:00:00,10:19:08,Customer_422,Merchant_74,9653689960,user422@ybl,PNB,Food Payment,3597,Success,Phone Number,Madhya Pradesh,Nashik,Android
PP100422,2026-07-14 00:00:00,01:19:17,Customer_423,Merchant_39,9983233910,user423@ybl,SBI,Food Payment,8400,Success,Phone Number,Gujarat,Mumbai,Android
PP100423,2026-07-14 00:00:00,05:18:17,Customer_424,Merchant_13,9907194371,user424@ybl,Canara,Bill Payment,4096,Success,UPI,Gujarat,Aurangabad,Android
PP100424,2026-07-15 00:00:00,02:53:15,Customer_425,Merchant_31,9986601332,user425@ybl,PNB,Food Payment,177,Success,Phone Number,Gujarat,Nagpur,Android
PP100425,2026-07-15 00:00:00,04:30:41,Customer_426,Merchant_71,9671321535,user426@ybl,PNB,Bill Payment,7797,Success,Phone Number,Maharashtra,Pune,Android
PP100426,2026-07-15 00:00:00,07:41:36,Customer_427,Merchant_63,9135427625,user427@ybl,PNB,Food Payment,19121,Success,QR Code,Madhya Pradesh,Pune,Android
PP100427,2026-07-15 00:00:00,19:34:40,Customer_428,Merchant_56,9344642946,user428@ybl,SBI,Merchant Payment,8457,Success,UPI,Gujarat,Nashik,Android
PP100428,2026-07-15 00:00:00,12:49:23,Customer_429,Merchant_42,9448250947,user429@ybl,Kotak,Merchant Payment,11115,Failed,QR Code,Maharashtra,Kolhapur,Android
PP100429,2026-07-15 00:00:00,05:30:16,Customer_430,Merchant_61,9485797266,user430@ybl,PNB,Merchant Payment,15299,Success,Phone Number,Maharashtra,Kolhapur,Android
PP100430,2026-07-15 00:00:00,13:50:40,Customer_431,Merchant_42,9956189900,user431@ybl,Axis,Food Payment,19199,Success,QR Code,Karnataka,Kolhapur,Android
PP100431,2026-07-15 00:00:00,14:40:53,Customer_432,Merchant_56,9220639194,user432@ybl,HDFC,Food Payment,7220,Success,UPI,Karnataka,Pune,Android
PP100432,2026-07-15 00:00:00,06:55:17,Customer_433,Merchant_36,9583142109,user433@ybl,Axis,Bill Payment,23932,Success,Phone Number,Madhya Pradesh,Nagpur,Android
PP100433,2026-07-15 00:00:00,05:59:26,Customer_434,Merchant_84,9157288179,user434@ybl,Axis,Food Payment,18781,Success,QR Code,Karnataka,Kolhapur,Android
PP100434,2026-07-15 00:00:00,20:57:32,Customer_435,Merchant_68,9439437395,user435@ybl,ICICI,Bill Payment,14867,Success,QR Code,Madhya Pradesh,Mumbai,Android
PP100435,2026-07-15 00:00:00,17:27:03,Customer_436,Merchant_7,9145416376,user436@ybl,Kotak,Merchant Payment,9061,Success,Phone Number,Maharashtra,Kolhapur,iOS
PP100436,2026-07-15 00:00:00,05:46:46,Customer_437,Merchant_54,9680955559,user437@ybl,SBI,Merchant Payment,1830,Success,QR Code,Maharashtra,Nagpur,Android
PP100437,2026-07-15 00:00:00,20:58:40,Customer_438,Merchant_1,9695021572,user438@ybl,PNB,Food Payment,21594,Failed,Phone Number,Madhya Pradesh,Nashik,Android
PP100438,2026-07-15 00:00:00,00:29:19,Customer_439,Merchant_44,9977475486,user439@ybl,ICICI,Merchant Payment,21836,Success,Phone Number,Karnataka,Nashik,Android
PP100439,2026-07-15 00:00:00,11:39:09,Customer_440,Merchant_45,9701783998,user440@ybl,Canara,Bill Payment,7915,Success,QR Code,Karnataka,Pune,Android
PP100440,2026-07-15 00:00:00,00:41:22,Customer_441,Merchant_47,9399986183,user441@ybl,Canara,Food Payment,18530,Success,UPI,Madhya Pradesh,Nagpur,iOS
PP100441,2026-07-15 00:00:00,06:47:22,Customer_442,Merchant_13,9766704110,user442@ybl,SBI,Merchant Payment,6973,Failed,Phone Number,Rajasthan,Mumbai,Android
PP100442,2026-07-15 00:00:00,09:21:59,Customer_443,Merchant_22,9413221517,user443@ybl,ICICI,Food Payment,19434,Failed,Phone Number,Karnataka,Nagpur,Android
PP100443,2026-07-15 00:00:00,16:07:46,Customer_444,Merchant_21,9749630199,user444@ybl,HDFC,Bill Payment,6343,Success,UPI,Gujarat,Mumbai,Android
PP100444,2026-07-15 00:00:00,00:34:39,Customer_445,Merchant_86,9307839214,user445@ybl,SBI,Merchant Payment,22151,Success,QR Code,Karnataka,Mumbai,Android
PP100445,2026-07-15 00:00:00,00:45:17,Customer_446,Merchant_92,9296507148,user446@ybl,ICICI,Merchant Payment,5625,Success,UPI,Rajasthan,Nagpur,Android
PP100446,2026-07-15 00:00:00,16:34:36,Customer_447,Merchant_9,9718495229,user447@ybl,ICICI,Merchant Payment,5911,Success,Phone Number,Maharashtra,Aurangabad,Android
PP100447,2026-07-15 00:00:00,07:45:52,Customer_448,Merchant_26,9799114514,user448@ybl,Kotak,Merchant Payment,3096,Success,Phone Number,Maharashtra,Nagpur,Android
PP100448,2026-07-15 00:00:00,11:47:40,Customer_449,Merchant_9,9699767844,user449@ybl,SBI,Merchant Payment,18748,Success,UPI,Maharashtra,Mumbai,Android
PP100449,2026-07-15 00:00:00,20:14:07,Customer_450,Merchant_15,9938419767,user450@ybl,Canara,Bill Payment,639,Success,Phone Number,Karnataka,Kolhapur,Android
PP100450,2026-07-15 00:00:00,05:07:29,Customer_451,Merchant_10,9234503946,user451@ybl,Canara,Bill Payment,11114,Failed,UPI,Maharashtra,Nashik,Android
PP100451,2026-07-16 00:00:00,09:18:56,Customer_452,Merchant_88,9406763749,user452@ybl,PNB,Bill Payment,2427,Pending,Phone Number,Rajasthan,Nashik,Android
PP100452,2026-07-16 00:00:00,17:47:57,Customer_453,Merchant_42,9894084535,user453@ybl,Axis,Bill Payment,22664,Success,QR Code,Rajasthan,Pune,Android
PP100453,2026-07-16 00:00:00,10:37:38,Customer_454,Merchant_72,9724116999,user454@ybl,SBI,Food Payment,12664,Success,UPI,Karnataka,Nashik,Android
PP100454,2026-07-16 00:00:00,13:25:02,Customer_455,Merchant_24,9534067874,user455@ybl,ICICI,Food Payment,3024,Success,UPI,Gujarat,Aurangabad,Android
PP100455,2026-07-16 00:00:00,08:01:05,Customer_456,Merchant_80,9298542529,user456@ybl,SBI,Food Payment,20318,Success,UPI,Karnataka,Mumbai,Android
PP100456,2026-07-16 00:00:00,01:50:45,Customer_457,Merchant_49,9531738613,user457@ybl,ICICI,Bill Payment,10698,Success,Phone Number,Maharashtra,Nagpur,iOS
PP100457,2026-07-16 00:00:00,10:33:20,Customer_458,Merchant_26,9428412861,user458@ybl,HDFC,Merchant Payment,20000,Success,QR Code,Karnataka,Nagpur,Android
PP100458,2026-07-16 00:00:00,07:25:37,Customer_459,Merchant_91,9838193419,user459@ybl,SBI,Bill Payment,4059,Success,UPI,Rajasthan,Aurangabad,Android
PP100459,2026-07-16 00:00:00,03:11:25,Customer_460,Merchant_37,9069072956,user460@ybl,BOB,Food Payment,1324,Success,UPI,Karnataka,Nashik,Android
PP100460,2026-07-16 00:00:00,10:42:45,Customer_461,Merchant_68,9905653083,user461@ybl,BOB,Merchant Payment,5650,Success,UPI,Karnataka,Mumbai,Android
PP100461,2026-07-16 00:00:00,07:05:22,Customer_462,Merchant_50,9661077672,user462@ybl,Canara,Merchant Payment,7302,Success,Phone Number,Gujarat,Nashik,Android
PP100462,2026-07-16 00:00:00,18:05:55,Customer_463,Merchant_24,9167098332,user463@ybl,HDFC,Food Payment,3327,Success,Phone Number,Rajasthan,Pune,iOS
PP100463,2026-07-16 00:00:00,15:19:28,Customer_464,Merchant_19,9505181606,user464@ybl,Kotak,Bill Payment,17765,Success,UPI,Madhya Pradesh,Nashik,iOS
PP100464,2026-07-16 00:00:00,14:34:47,Customer_465,Merchant_100,9473965436,user465@ybl,PNB,Food Payment,6685,Success,QR Code,Madhya Pradesh,Pune,Android
PP100465,2026-07-16 00:00:00,03:25:42,Customer_466,Merchant_60,9440142133,user466@ybl,HDFC,Bill Payment,4314,Success,UPI,Rajasthan,Nagpur,Android
PP100466,2026-07-16 00:00:00,11:20:06,Customer_467,Merchant_39,9332684311,user467@ybl,Canara,Bill Payment,1807,Success,Phone Number,Madhya Pradesh,Mumbai,Android
PP100467,2026-07-16 00:00:00,13:32:50,Customer_468,Merchant_74,9469986499,user468@ybl,Kotak,Food Payment,1093,Success,Phone Number,Maharashtra,Kolhapur,Android
PP100468,2026-07-16 00:00:00,21:50:23,Customer_469,Merchant_89,9952470064,user469@ybl,ICICI,Bill Payment,22306,Success,Phone Number,Madhya Pradesh,Pune,Android
PP100469,2026-07-16 00:00:00,21:00:29,Customer_470,Merchant_18,9408049837,user470@ybl,Kotak,Food Payment,3619,Success,Phone Number,Maharashtra,Nashik,Android
PP100470,2026-07-16 00:00:00,14:36:43,Customer_471,Merchant_19,9523107003,user471@ybl,Axis,Food Payment,15409,Success,Phone Number,Rajasthan,Nashik,Android
PP100471,2026-07-16 00:00:00,22:46:14,Customer_472,Merchant_36,9995806947,user472@ybl,SBI,Merchant Payment,11365,Success,Phone Number,Madhya Pradesh,Nagpur,Android
PP100472,2026-07-16 00:00:00,07:19:59,Customer_473,Merchant_74,9633558474,user473@ybl,HDFC,Merchant Payment,12338,Success,QR Code,Madhya Pradesh,Aurangabad,iOS
PP100473,2026-07-16 00:00:00,23:43:02,Customer_474,Merchant_97,9158200294,user474@ybl,Canara,Food Payment,16127,Success,UPI,Maharashtra,Kolhapur,Android
PP100474,2026-07-16 00:00:00,22:34:04,Customer_475,Merchant_55,9287285633,user475@ybl,HDFC,Bill Payment,3075,Success,UPI,Maharashtra,Aurangabad,Android
PP100475,2026-07-16 00:00:00,21:15:34,Customer_476,Merchant_69,9147665240,user476@ybl,ICICI,Bill Payment,22880,Success,UPI,Karnataka,Nashik,Android
PP100476,2026-07-16 00:00:00,15:18:26,Customer_477,Merchant_47,9680122765,user477@ybl,BOB,Bill Payment,17063,Success,QR Code,Gujarat,Aurangabad,iOS
PP100477,2026-07-16 00:00:00,08:31:18,Customer_478,Merchant_49,9993801320,user478@ybl,ICICI,Food Payment,6340,Success,UPI,Madhya Pradesh,Kolhapur,Android
PP100478,2026-07-16 00:00:00,21:10:18,Customer_479,Merchant_99,9461456063,user479@ybl,Canara,Food Payment,6533,Success,UPI,Gujarat,Kolhapur,iOS
PP100479,2026-07-16 00:00:00,17:33:50,Customer_480,Merchant_98,9735843783,user480@ybl,Axis,Food Payment,4662,Success,QR Code,Gujarat,Mumbai,Android
PP100480,2026-07-16 00:00:00,20:34:15,Customer_481,Merchant_33,9274198210,user481@ybl,PNB,Food Payment,9341,Success,UPI,Madhya Pradesh,Aurangabad,Android
PP100481,2026-07-16 00:00:00,15:39:33,Customer_482,Merchant_21,9726008725,user482@ybl,SBI,Bill Payment,14452,Success,QR Code,Maharashtra,Mumbai,Android
PP100482,2026-07-16 00:00:00,08:44:40,Customer_483,Merchant_81,9230400965,user483@ybl,SBI,Food Payment,22777,Success,Phone Number,Karnataka,Nashik,iOS
PP100483,2026-07-16 00:00:00,23:40:30,Customer_484,Merchant_22,9116017516,user484@ybl,Kotak,Food Payment,4486,Success,Phone Number,Rajasthan,Nashik,Android
PP100484,2026-07-16 00:00:00,19:07:16,Customer_485,Merchant_48,9315887221,user485@ybl,Kotak,Food Payment,21991,Success,Phone Number,Madhya Pradesh,Nashik,Android
PP100485,2026-07-16 00:00:00,20:04:18,Customer_486,Merchant_37,9436381563,user486@ybl,ICICI,Merchant Payment,11478,Success,QR Code,Madhya Pradesh,Nagpur,Android
PP100486,2026-07-16 00:00:00,11:06:26,Customer_487,Merchant_15,9563780689,user487@ybl,HDFC,Food Payment,15899,Success,QR Code,Rajasthan,Aurangabad,iOS
PP100487,2026-07-17 00:00:00,06:42:40,Customer_488,Merchant_35,9419561199,user488@ybl,BOB,Food Payment,18875,Pending,UPI,Gujarat,Pune,iOS
PP100488,2026-07-17 00:00:00,23:46:35,Customer_489,Merchant_92,9036826661,user489@ybl,HDFC,Food Payment,22579,Success,Phone Number,Karnataka,Kolhapur,iOS
PP100489,2026-07-17 00:00:00,21:58:31,Customer_490,Merchant_71,9515921514,user490@ybl,Axis,Bill Payment,8304,Success,UPI,Gujarat,Pune,iOS
PP100490,2026-07-17 00:00:00,18:02:09,Customer_491,Merchant_32,9122559220,user491@ybl,PNB,Bill Payment,10778,Success,UPI,Rajasthan,Nashik,Android
PP100491,2026-07-17 00:00:00,20:25:06,Customer_492,Merchant_11,9671396703,user492@ybl,SBI,Food Payment,17685,Success,Phone Number,Rajasthan,Aurangabad,Android
PP100492,2026-07-17 00:00:00,09:41:51,Customer_493,Merchant_10,9524982475,user493@ybl,HDFC,Bill Payment,11011,Success,UPI,Karnataka,Mumbai,Android
PP100493,2026-07-17 00:00:00,08:50:21,Customer_494,Merchant_73,9372238475,user494@ybl,SBI,Food Payment,19581,Success,QR Code,Rajasthan,Pune,Android
PP100494,2026-07-17 00:00:00,20:50:39,Customer_495,Merchant_78,9278735037,user495@ybl,Kotak,Merchant Payment,22071,Success,UPI,Rajasthan,Nashik,iOS
PP100495,2026-07-17 00:00:00,16:48:55,Customer_496,Merchant_77,9020818313,user496@ybl,SBI,Merchant Payment,4531,Success,UPI,Karnataka,Pune,iOS
PP100496,2026-07-17 00:00:00,23:27:38,Customer_497,Merchant_57,9956229743,user497@ybl,BOB,Merchant Payment,10816,Success,UPI,Madhya Pradesh,Pune,Android
PP100497,2026-07-17 00:00:00,03:22:55,Customer_498,Merchant_25,9668847908,user498@ybl,SBI,Bill Payment,3901,Success,UPI,Gujarat,Kolhapur,Android
PP100498,2026-07-17 00:00:00,15:12:51,Customer_499,Merchant_2,9752274964,user499@ybl,HDFC,Merchant Payment,15688,Success,QR Code,Madhya Pradesh,Pune,iOS
PP100499,2026-07-17 00:00:00,18:25:58,Customer_500,Merchant_64,9799312761,user500@ybl,BOB,Merchant Payment,2433,Success,Phone Number,Madhya Pradesh,Nashik,Android
PP100500,2026-07-17 00:00:00,04:48:47,Customer_501,Merchant_35,9583811866,user501@ybl,SBI,Food Payment,1564,Success,QR Code,Gujarat,Kolhapur,Android
PP100501,2026-07-17 00:00:00,13:04:17,Customer_502,Merchant_7,9056551538,user502@ybl,PNB,Bill Payment,15749,Success,Phone Number,Madhya Pradesh,Nashik,Android
PP100502,2026-07-17 00:00:00,01:42:30,Customer_503,Merchant_85,9074030514,user503@ybl,Kotak,Merchant Payment,4804,Failed,UPI,Karnataka,Nagpur,Android
PP100503,2026-07-17 00:00:00,01:13:45,Customer_504,Merchant_18,9615544299,user504@ybl,SBI,Bill Payment,22165,Success,UPI,Gujarat,Nagpur,Android
PP100504,2026-07-17 00:00:00,04:27:12,Customer_505,Merchant_67,9160552118,user505@ybl,BOB,Merchant Payment,24278,Success,UPI,Maharashtra,Nagpur,Android
PP100505,2026-07-17 00:00:00,00:36:38,Customer_506,Merchant_42,9464637996,user506@ybl,HDFC,Bill Payment,23365,Success,QR Code,Madhya Pradesh,Pune,Android
PP100506,2026-07-17 00:00:00,16:48:20,Customer_507,Merchant_39,9945461492,user507@ybl,Kotak,Food Payment,5646,Success,QR Code,Rajasthan,Aurangabad,iOS
PP100507,2026-07-17 00:00:00,14:49:54,Customer_508,Merchant_41,9859263273,user508@ybl,ICICI,Food Payment,4534,Success,QR Code,Gujarat,Nashik,Android
PP100508,2026-07-17 00:00:00,05:34:39,Customer_509,Merchant_75,9059046513,user509@ybl,ICICI,Bill Payment,1165,Success,Phone Number,Maharashtra,Nagpur,Android
PP100509,2026-07-17 00:00:00,10:03:40,Customer_510,Merchant_24,9102260853,user510@ybl,Axis,Bill Payment,9122,Success,QR Code,Rajasthan,Aurangabad,iOS
PP100510,2026-07-17 00:00:00,11:37:54,Customer_511,Merchant_60,9221194811,user511@ybl,ICICI,Food Payment,11518,Success,QR Code,Maharashtra,Nagpur,Android
PP100511,2026-07-17 00:00:00,03:50:59,Customer_512,Merchant_46,9591354050,user512@ybl,HDFC,Bill Payment,5470,Success,Phone Number,Madhya Pradesh,Nagpur,Android
PP100512,2026-07-17 00:00:00,14:01:00,Customer_513,Merchant_19,9294949597,user513@ybl,PNB,Food Payment,17970,Success,UPI,Rajasthan,Aurangabad,iOS
PP100513,2026-07-17 00:00:00,08:43:39,Customer_514,Merchant_68,9404237641,user514@ybl,Kotak,Food Payment,19409,Success,QR Code,Madhya Pradesh,Nagpur,Android
PP100514,2026-07-17 00:00:00,02:25:05,Customer_515,Merchant_90,9559958770,user515@ybl,BOB,Merchant Payment,4527,Success,Phone Number,Rajasthan,Pune,iOS
PP100515,2026-07-17 00:00:00,11:54:40,Customer_516,Merchant_42,9465472547,user516@ybl,Canara,Merchant Payment,13555,Success,QR Code,Gujarat,Pune,Android
PP100516,2026-07-17 00:00:00,06:27:16,Customer_517,Merchant_32,9379188995,user517@ybl,ICICI,Bill Payment,4268,Success,UPI,Karnataka,Kolhapur,Android
PP100517,2026-07-17 00:00:00,23:45:14,Customer_518,Merchant_39,9335456687,user518@ybl,ICICI,Bill Payment,13543,Success,QR Code,Karnataka,Pune,Android
PP100518,2026-07-17 00:00:00,04:15:58,Customer_519,Merchant_36,9554088879,user519@ybl,Canara,Bill Payment,24687,Pending,QR Code,Maharashtra,Mumbai,Android
PP100519,2026-07-17 00:00:00,21:21:58,Customer_520,Merchant_97,9207649693,user520@ybl,BOB,Merchant Payment,4012,Success,QR Code,Rajasthan,Kolhapur,Android
PP100520,2026-07-17 00:00:00,04:03:16,Customer_521,Merchant_36,9891884069,user521@ybl,BOB,Merchant Payment,8542,Success,UPI,Madhya Pradesh,Nagpur,Android
PP100521,2026-07-17 00:00:00,09:19:32,Customer_522,Merchant_3,9938525954,user522@ybl,Canara,Food Payment,8047,Success,Phone Number,Gujarat,Mumbai,iOS
PP100522,2026-07-18 00:00:00,21:52:37,Customer_523,Merchant_73,9199161543,user523@ybl,BOB,Bill Payment,22164,Success,Phone Number,Gujarat,Nashik,iOS
PP100523,2026-07-18 00:00:00,00:21:19,Customer_524,Merchant_8,9673000043,user524@ybl,HDFC,Merchant Payment,11992,Success,QR Code,Gujarat,Aurangabad,Android
PP100524,2026-07-18 00:00:00,17:33:17,Customer_525,Merchant_97,9826759079,user525@ybl,BOB,Merchant Payment,15325,Success,Phone Number,Karnataka,Nashik,iOS
PP100525,2026-07-18 00:00:00,17:21:56,Customer_526,Merchant_70,9273702581,user526@ybl,Kotak,Merchant Payment,10813,Success,Phone Number,Madhya Pradesh,Mumbai,Android
PP100526,2026-07-18 00:00:00,01:58:03,Customer_527,Merchant_41,9092342911,user527@ybl,BOB,Merchant Payment,24449,Success,UPI,Gujarat,Pune,Android
PP100527,2026-07-18 00:00:00,04:56:11,Customer_528,Merchant_68,9689166626,user528@ybl,SBI,Food Payment,19381,Success,UPI,Gujarat,Nagpur,iOS
PP100528,2026-07-18 00:00:00,08:19:35,Customer_529,Merchant_13,9090418633,user529@ybl,SBI,Bill Payment,21751,Success,QR Code,Maharashtra,Kolhapur,Android
PP100529,2026-07-18 00:00:00,12:40:48,Customer_530,Merchant_49,9143072538,user530@ybl,ICICI,Food Payment,20693,Success,Phone Number,Rajasthan,Nagpur,Android
PP100530,2026-07-18 00:00:00,13:24:45,Customer_531,Merchant_60,9689204257,user531@ybl,PNB,Food Payment,549,Success,UPI,Rajasthan,Pune,Android
PP100531,2026-07-18 00:00:00,05:17:43,Customer_532,Merchant_2,9344333334,user532@ybl,HDFC,Food Payment,19296,Success,Phone Number,Rajasthan,Nagpur,Android
PP100532,2026-07-18 00:00:00,18:47:22,Customer_533,Merchant_60,9118151436,user533@ybl,HDFC,Food Payment,23847,Success,QR Code,Maharashtra,Aurangabad,Android
PP100533,2026-07-18 00:00:00,23:55:43,Customer_534,Merchant_5,9659402804,user534@ybl,BOB,Bill Payment,4754,Success,QR Code,Karnataka,Aurangabad,Android
PP100534,2026-07-18 00:00:00,10:26:39,Customer_535,Merchant_44,9130296923,user535@ybl,PNB,Food Payment,13918,Success,UPI,Maharashtra,Aurangabad,Android
PP100535,2026-07-18 00:00:00,14:25:20,Customer_536,Merchant_27,9128241366,user536@ybl,PNB,Food Payment,18929,Success,UPI,Gujarat,Nashik,Android
PP100536,2026-07-18 00:00:00,07:55:29,Customer_537,Merchant_32,9240999049,user537@ybl,Axis,Bill Payment,13005,Pending,Phone Number,Madhya Pradesh,Pune,Android
PP100537,2026-07-18 00:00:00,09:59:14,Customer_538,Merchant_21,9800331881,user538@ybl,PNB,Food Payment,20165,Success,Phone Number,Gujarat,Aurangabad,Android
PP100538,2026-07-18 00:00:00,07:44:16,Customer_539,Merchant_8,9857931180,user539@ybl,BOB,Merchant Payment,22545,Success,QR Code,Gujarat,Mumbai,Android
PP100539,2026-07-18 00:00:00,00:42:53,Customer_540,Merchant_72,9622195919,user540@ybl,BOB,Merchant Payment,14009,Success,Phone Number,Madhya Pradesh,Aurangabad,Android
PP100540,2026-07-18 00:00:00,21:45:44,Customer_541,Merchant_50,9398853603,user541@ybl,Canara,Food Payment,2762,Success,Phone Number,Rajasthan,Kolhapur,Android
PP100541,2026-07-18 00:00:00,09:49:27,Customer_542,Merchant_67,9471454890,user542@ybl,ICICI,Food Payment,4655,Success,QR Code,Maharashtra,Nashik,Android
PP100542,2026-07-18 00:00:00,16:52:54,Customer_543,Merchant_44,9212988912,user543@ybl,SBI,Bill Payment,4445,Success,Phone Number,Karnataka,Mumbai,Android
PP100543,2026-07-18 00:00:00,06:35:52,Customer_544,Merchant_58,9382626681,user544@ybl,Axis,Merchant Payment,8681,Success,QR Code,Gujarat,Pune,Android
PP100544,2026-07-18 00:00:00,15:17:09,Customer_545,Merchant_3,9581149997,user545@ybl,BOB,Food Payment,3850,Success,QR Code,Gujarat,Pune,Android
PP100545,2026-07-18 00:00:00,04:54:45,Customer_546,Merchant_86,9814655622,user546@ybl,Canara,Food Payment,23396,Success,UPI,Karnataka,Kolhapur,iOS
PP100546,2026-07-18 00:00:00,14:21:33,Customer_547,Merchant_70,9987459090,user547@ybl,Axis,Merchant Payment,553,Success,Phone Number,Maharashtra,Aurangabad,iOS
PP100547,2026-07-19 00:00:00,15:32:41,Customer_548,Merchant_2,9316191437,user548@ybl,ICICI,Food Payment,14270,Pending,UPI,Gujarat,Mumbai,iOS
PP100548,2026-07-19 00:00:00,21:21:48,Customer_549,Merchant_87,9354171882,user549@ybl,Axis,Bill Payment,20966,Pending,Phone Number,Karnataka,Kolhapur,iOS
PP100549,2026-07-19 00:00:00,20:42:12,Customer_550,Merchant_44,9378247267,user550@ybl,Canara,Bill Payment,23524,Success,Phone Number,Gujarat,Mumbai,Android
PP100550,2026-07-19 00:00:00,22:46:34,Customer_551,Merchant_2,9921968024,user551@ybl,Kotak,Food Payment,12267,Success,UPI,Rajasthan,Aurangabad,Android
PP100551,2026-07-19 00:00:00,15:35:33,Customer_552,Merchant_81,9206697494,user552@ybl,SBI,Food Payment,22967,Success,UPI,Rajasthan,Aurangabad,Android
PP100552,2026-07-19 00:00:00,17:01:08,Customer_553,Merchant_35,9409450601,user553@ybl,BOB,Merchant Payment,23693,Success,QR Code,Gujarat,Nagpur,Android
PP100553,2026-07-19 00:00:00,10:37:23,Customer_554,Merchant_98,9149609005,user554@ybl,SBI,Food Payment,4107,Success,QR Code,Gujarat,Nagpur,iOS
PP100554,2026-07-19 00:00:00,15:56:24,Customer_555,Merchant_87,9105159718,user555@ybl,ICICI,Merchant Payment,8973,Pending,UPI,Rajasthan,Aurangabad,Android
PP100555,2026-07-19 00:00:00,08:47:33,Customer_556,Merchant_30,9790695555,user556@ybl,HDFC,Food Payment,13313,Failed,QR Code,Gujarat,Nashik,iOS
PP100556,2026-07-19 00:00:00,07:24:17,Customer_557,Merchant_8,9962526671,user557@ybl,ICICI,Food Payment,9102,Success,UPI,Maharashtra,Kolhapur,Android
PP100557,2026-07-19 00:00:00,11:05:52,Customer_558,Merchant_22,9848946831,user558@ybl,ICICI,Food Payment,2375,Success,UPI,Maharashtra,Nagpur,iOS
PP100558,2026-07-19 00:00:00,06:09:40,Customer_559,Merchant_44,9812912529,user559@ybl,ICICI,Food Payment,1975,Success,UPI,Madhya Pradesh,Aurangabad,Android
PP100559,2026-07-19 00:00:00,21:46:51,Customer_560,Merchant_58,9756022168,user560@ybl,Kotak,Food Payment,2991,Success,UPI,Maharashtra,Mumbai,Android
PP100560,2026-07-19 00:00:00,00:27:02,Customer_561,Merchant_36,9342834018,user561@ybl,BOB,Bill Payment,5559,Success,Phone Number,Gujarat,Kolhapur,Android
PP100561,2026-07-19 00:00:00,13:32:36,Customer_562,Merchant_69,9147253692,user562@ybl,Canara,Merchant Payment,7513,Success,Phone Number,Gujarat,Nagpur,iOS
PP100562,2026-07-19 00:00:00,11:20:09,Customer_563,Merchant_77,9598902176,user563@ybl,BOB,Bill Payment,18076,Success,QR Code,Karnataka,Nashik,iOS
PP100563,2026-07-19 00:00:00,04:38:45,Customer_564,Merchant_93,9152792980,user564@ybl,HDFC,Bill Payment,2856,Success,QR Code,Maharashtra,Kolhapur,Android
PP100564,2026-07-19 00:00:00,17:03:16,Customer_565,Merchant_31,9425918564,user565@ybl,Canara,Bill Payment,21331,Failed,UPI,Rajasthan,Kolhapur,Android
PP100565,2026-07-19 00:00:00,14:13:46,Customer_566,Merchant_47,9804956307,user566@ybl,Axis,Bill Payment,4959,Success,QR Code,Rajasthan,Pune,Android
PP100566,2026-07-19 00:00:00,22:33:02,Customer_567,Merchant_55,9932617564,user567@ybl,Axis,Food Payment,3664,Success,UPI,Madhya Pradesh,Mumbai,iOS
PP100567,2026-07-19 00:00:00,22:56:05,Customer_568,Merchant_80,9844201706,user568@ybl,Axis,Bill Payment,18701,Success,QR Code,Karnataka,Nashik,Android
PP100568,2026-07-19 00:00:00,08:10:02,Customer_569,Merchant_62,9426817821,user569@ybl,Canara,Bill Payment,20465,Success,Phone Number,Rajasthan,Nashik,Android
PP100569,2026-07-19 00:00:00,01:11:03,Customer_570,Merchant_30,9644943435,user570@ybl,PNB,Food Payment,3186,Success,UPI,Madhya Pradesh,Nashik,Android
PP100570,2026-07-19 00:00:00,13:00:28,Customer_571,Merchant_55,9318189588,user571@ybl,Kotak,Merchant Payment,9531,Success,Phone Number,Maharashtra,Mumbai,Android
PP100571,2026-07-19 00:00:00,13:18:44,Customer_572,Merchant_16,9200242882,user572@ybl,PNB,Bill Payment,203,Failed,UPI,Karnataka,Nashik,Android
PP100572,2026-07-19 00:00:00,20:36:22,Customer_573,Merchant_12,9241568524,user573@ybl,BOB,Food Payment,9495,Success,QR Code,Karnataka,Pune,Android
PP100573,2026-07-19 00:00:00,16:24:12,Customer_574,Merchant_17,9347750771,user574@ybl,Axis,Merchant Payment,19250,Success,UPI,Gujarat,Nagpur,iOS
PP100574,2026-07-19 00:00:00,03:14:24,Customer_575,Merchant_16,9313968787,user575@ybl,Kotak,Merchant Payment,11352,Success,QR Code,Maharashtra,Mumbai,iOS
PP100575,2026-07-19 00:00:00,09:55:37,Customer_576,Merchant_12,9161130458,user576@ybl,Canara,Food Payment,15193,Success,UPI,Karnataka,Nashik,Android
PP100576,2026-07-19 00:00:00,08:09:33,Customer_577,Merchant_8,9971016394,user577@ybl,Axis,Bill Payment,10008,Success,QR Code,Madhya Pradesh,Aurangabad,iOS
PP100577,2026-07-19 00:00:00,10:06:37,Customer_578,Merchant_84,9629164008,user578@ybl,Canara,Merchant Payment,4742,Failed,QR Code,Rajasthan,Nagpur,Android
PP100578,2026-07-20 00:00:00,23:55:45,Customer_579,Merchant_3,9406809324,user579@ybl,Kotak,Food Payment,15214,Success,UPI,Maharashtra,Kolhapur,Android
PP100579,2026-07-20 00:00:00,10:45:09,Customer_580,Merchant_16,9671606718,user580@ybl,Canara,Bill Payment,17186,Success,QR Code,Maharashtra,Mumbai,Android
PP100580,2026-07-20 00:00:00,16:58:40,Customer_581,Merchant_30,9050252741,user581@ybl,Canara,Merchant Payment,17911,Success,Phone Number,Karnataka,Aurangabad,Android
PP100581,2026-07-20 00:00:00,05:20:50,Customer_582,Merchant_23,9383997490,user582@ybl,HDFC,Food Payment,14092,Success,QR Code,Karnataka,Kolhapur,iOS
PP100582,2026-07-20 00:00:00,05:52:52,Customer_583,Merchant_92,9629720413,user583@ybl,BOB,Merchant Payment,15996,Success,UPI,Karnataka,Aurangabad,Android
PP100583,2026-07-20 00:00:00,03:12:35,Customer_584,Merchant_5,9085738184,user584@ybl,PNB,Merchant Payment,5875,Success,UPI,Madhya Pradesh,Nashik,Android
PP100584,2026-07-20 00:00:00,21:50:17,Customer_585,Merchant_84,9523560604,user585@ybl,SBI,Food Payment,13314,Success,Phone Number,Gujarat,Mumbai,Android
PP100585,2026-07-20 00:00:00,14:47:56,Customer_586,Merchant_65,9519895697,user586@ybl,PNB,Merchant Payment,23942,Success,QR Code,Karnataka,Nashik,Android
PP100586,2026-07-20 00:00:00,15:58:12,Customer_587,Merchant_30,9907397583,user587@ybl,PNB,Food Payment,12066,Success,QR Code,Gujarat,Kolhapur,iOS
PP100587,2026-07-20 00:00:00,14:43:22,Customer_588,Merchant_21,9114982735,user588@ybl,ICICI,Food Payment,696,Success,UPI,Gujarat,Pune,Android
PP100588,2026-07-20 00:00:00,20:05:55,Customer_589,Merchant_84,9952420636,user589@ybl,HDFC,Merchant Payment,23654,Pending,QR Code,Maharashtra,Aurangabad,Android
PP100589,2026-07-20 00:00:00,06:52:42,Customer_590,Merchant_70,9244191333,user590@ybl,SBI,Merchant Payment,24217,Success,UPI,Rajasthan,Pune,iOS
PP100590,2026-07-20 00:00:00,03:04:06,Customer_591,Merchant_22,9515692717,user591@ybl,Axis,Merchant Payment,4110,Failed,Phone Number,Rajasthan,Kolhapur,Android
PP100591,2026-07-20 00:00:00,07:59:29,Customer_592,Merchant_82,9416159282,user592@ybl,Axis,Merchant Payment,12518,Success,Phone Number,Madhya Pradesh,Nashik,Android
PP100592,2026-07-20 00:00:00,14:48:22,Customer_593,Merchant_72,9246768492,user593@ybl,Axis,Merchant Payment,22127,Success,UPI,Madhya Pradesh,Nagpur,Android
PP100593,2026-07-20 00:00:00,06:25:50,Customer_594,Merchant_32,9543164378,user594@ybl,PNB,Merchant Payment,12797,Pending,QR Code,Rajasthan,Aurangabad,Android
PP100594,2026-07-20 00:00:00,18:57:27,Customer_595,Merchant_33,9822449107,user595@ybl,BOB,Food Payment,19090,Success,UPI,Rajasthan,Nagpur,iOS
PP100595,2026-07-20 00:00:00,01:20:53,Customer_596,Merchant_16,9200155231,user596@ybl,PNB,Bill Payment,8402,Success,QR Code,Maharashtra,Mumbai,Android
PP100596,2026-07-20 00:00:00,06:03:12,Customer_597,Merchant_76,9160605275,user597@ybl,SBI,Merchant Payment,15026,Success,Phone Number,Maharashtra,Aurangabad,Android
PP100597,2026-07-20 00:00:00,16:25:29,Customer_598,Merchant_38,9174775175,user598@ybl,BOB,Bill Payment,9054,Success,QR Code,Rajasthan,Pune,iOS
PP100598,2026-07-20 00:00:00,20:41:18,Customer_599,Merchant_98,9570187664,user599@ybl,HDFC,Bill Payment,8546,Success,QR Code,Karnataka,Nagpur,Android
PP100599,2026-07-20 00:00:00,18:41:38,Customer_600,Merchant_14,9159239117,user600@ybl,BOB,Bill Payment,24093,Success,UPI,Karnataka,Kolhapur,Android
PP100600,2026-07-20 00:00:00,08:53:07,Customer_601,Merchant_36,9795473340,user601@ybl,SBI,Merchant Payment,13950,Success,Phone Number,Maharashtra,Mumbai,Android
PP100601,2026-07-20 00:00:00,04:24:10,Customer_602,Merchant_97,9017698416,user602@ybl,Canara,Merchant Payment,1130,Success,QR Code,Gujarat,Aurangabad,iOS
PP100602,2026-07-20 00:00:00,03:21:52,Customer_603,Merchant_23,9766415391,user603@ybl,PNB,Food Payment,16982,Success,QR Code,Rajasthan,Kolhapur,Android
PP100603,2026-07-20 00:00:00,06:40:58,Customer_604,Merchant_66,9865429932,user604@ybl,Axis,Food Payment,16465,Success,UPI,Madhya Pradesh,Mumbai,Android
PP100604,2026-07-20 00:00:00,12:37:00,Customer_605,Merchant_85,9726666192,user605@ybl,Canara,Merchant Payment,406,Failed,QR Code,Karnataka,Pune,Android
PP100605,2026-07-20 00:00:00,10:48:10,Customer_606,Merchant_2,9982189838,user606@ybl,PNB,Food Payment,18604,Success,Phone Number,Gujarat,Kolhapur,Android
PP100606,2026-07-20 00:00:00,18:20:17,Customer_607,Merchant_91,9266793224,user607@ybl,Kotak,Food Payment,12926,Success,QR Code,Karnataka,Aurangabad,Android
PP100607,2026-07-20 00:00:00,13:08:24,Customer_608,Merchant_73,9092524811,user608@ybl,ICICI,Food Payment,1703,Failed,QR Code,Gujarat,Mumbai,Android
PP100608,2026-07-20 00:00:00,09:08:41,Customer_609,Merchant_65,9557181091,user609@ybl,PNB,Food Payment,15053,Success,QR Code,Rajasthan,Nashik,Android
PP100609,2026-07-20 00:00:00,00:25:24,Customer_610,Merchant_75,9674505720,user610@ybl,Kotak,Food Payment,15728,Success,Phone Number,Rajasthan,Aurangabad,Android
PP100610,2026-07-21 00:00:00,04:10:48,Customer_611,Merchant_67,9307407891,user611@ybl,SBI,Food Payment,6341,Success,QR Code,Rajasthan,Aurangabad,Android
PP100611,2026-07-21 00:00:00,09:45:11,Customer_612,Merchant_52,9876216453,user612@ybl,HDFC,Food Payment,24460,Success,UPI,Maharashtra,Aurangabad,iOS
PP100612,2026-07-21 00:00:00,10:31:44,Customer_613,Merchant_62,9182671576,user613@ybl,Kotak,Merchant Payment,8698,Success,QR Code,Gujarat,Aurangabad,Android
PP100613,2026-07-21 00:00:00,15:15:12,Customer_614,Merchant_23,9205754710,user614@ybl,HDFC,Bill Payment,11944,Success,Phone Number,Madhya Pradesh,Nashik,Android
PP100614,2026-07-21 00:00:00,09:26:48,Customer_615,Merchant_26,9035800494,user615@ybl,PNB,Food Payment,23818,Pending,Phone Number,Madhya Pradesh,Kolhapur,Android
PP100615,2026-07-21 00:00:00,00:01:00,Customer_616,Merchant_68,9495728038,user616@ybl,HDFC,Food Payment,13585,Success,Phone Number,Rajasthan,Kolhapur,Android
PP100616,2026-07-21 00:00:00,20:44:26,Customer_617,Merchant_82,9798082980,user617@ybl,Kotak,Bill Payment,23047,Success,QR Code,Madhya Pradesh,Kolhapur,Android
PP100617,2026-07-21 00:00:00,23:12:39,Customer_618,Merchant_55,9085364967,user618@ybl,BOB,Food Payment,8752,Success,UPI,Karnataka,Pune,Android
PP100618,2026-07-21 00:00:00,15:22:17,Customer_619,Merchant_6,9707537235,user619@ybl,ICICI,Bill Payment,5651,Success,Phone Number,Gujarat,Nashik,Android
PP100619,2026-07-21 00:00:00,03:42:30,Customer_620,Merchant_35,9633657096,user620@ybl,Canara,Food Payment,24349,Failed,QR Code,Gujarat,Nashik,iOS
PP100620,2026-07-21 00:00:00,06:45:54,Customer_621,Merchant_22,9666997881,user621@ybl,Canara,Bill Payment,10272,Success,QR Code,Gujarat,Mumbai,Android
PP100621,2026-07-21 00:00:00,12:33:06,Customer_622,Merchant_43,9663870117,user622@ybl,ICICI,Merchant Payment,24130,Success,Phone Number,Karnataka,Nagpur,Android
PP100622,2026-07-21 00:00:00,07:49:05,Customer_623,Merchant_15,9039486786,user623@ybl,Axis,Food Payment,12458,Success,QR Code,Maharashtra,Kolhapur,Android
PP100623,2026-07-21 00:00:00,09:27:00,Customer_624,Merchant_86,9449548226,user624@ybl,Canara,Bill Payment,5189,Success,UPI,Karnataka,Nagpur,iOS
PP100624,2026-07-21 00:00:00,23:55:23,Customer_625,Merchant_60,9652646157,user625@ybl,SBI,Merchant Payment,6807,Success,Phone Number,Gujarat,Mumbai,Android
PP100625,2026-07-21 00:00:00,20:53:06,Customer_626,Merchant_12,9030097690,user626@ybl,PNB,Bill Payment,20871,Success,Phone Number,Gujarat,Nashik,Android
PP100626,2026-07-21 00:00:00,23:44:29,Customer_627,Merchant_49,9130277755,user627@ybl,Axis,Merchant Payment,5252,Success,QR Code,Gujarat,Mumbai,iOS
PP100627,2026-07-21 00:00:00,05:43:01,Customer_628,Merchant_42,9483960869,user628@ybl,PNB,Merchant Payment,24534,Success,QR Code,Madhya Pradesh,Aurangabad,Android
PP100628,2026-07-21 00:00:00,06:24:11,Customer_629,Merchant_38,9861593215,user629@ybl,Kotak,Bill Payment,22600,Success,UPI,Maharashtra,Mumbai,Android
PP100629,2026-07-21 00:00:00,14:17:54,Customer_630,Merchant_82,9758417893,user630@ybl,SBI,Merchant Payment,20311,Success,UPI,Karnataka,Mumbai,Android
PP100630,2026-07-21 00:00:00,19:20:26,Customer_631,Merchant_45,9597845346,user631@ybl,Kotak,Merchant Payment,4308,Success,QR Code,Gujarat,Aurangabad,iOS
PP100631,2026-07-21 00:00:00,01:56:00,Customer_632,Merchant_35,9895573264,user632@ybl,Axis,Merchant Payment,6754,Success,UPI,Rajasthan,Nagpur,Android
PP100632,2026-07-21 00:00:00,09:56:12,Customer_633,Merchant_30,9115705116,user633@ybl,Axis,Food Payment,17484,Success,Phone Number,Maharashtra,Aurangabad,iOS
PP100633,2026-07-21 00:00:00,05:58:40,Customer_634,Merchant_88,9905676582,user634@ybl,SBI,Bill Payment,6260,Success,Phone Number,Rajasthan,Pune,Android
PP100634,2026-07-21 00:00:00,13:44:41,Customer_635,Merchant_30,9531009231,user635@ybl,SBI,Merchant Payment,16601,Success,QR Code,Maharashtra,Mumbai,Android
PP100635,2026-07-21 00:00:00,10:06:48,Customer_636,Merchant_78,9036955813,user636@ybl,Axis,Bill Payment,7834,Success,QR Code,Gujarat,Mumbai,Android
PP100636,2026-07-21 00:00:00,15:52:14,Customer_637,Merchant_6,9407754722,user637@ybl,Axis,Bill Payment,10406,Success,UPI,Maharashtra,Nagpur,Android
PP100637,2026-07-21 00:00:00,05:41:31,Customer_638,Merchant_67,9142257136,user638@ybl,HDFC,Bill Payment,7871,Success,Phone Number,Maharashtra,Nashik,Android
PP100638,2026-07-21 00:00:00,00:22:21,Customer_639,Merchant_80,9009660034,user639@ybl,BOB,Bill Payment,1620,Success,QR Code,Gujarat,Aurangabad,Android
PP100639,2026-07-21 00:00:00,12:23:43,Customer_640,Merchant_7,9437686906,user640@ybl,Axis,Food Payment,23866,Success,UPI,Rajasthan,Nashik,Android
PP100640,2026-07-21 00:00:00,00:05:38,Customer_641,Merchant_52,9069782338,user641@ybl,SBI,Merchant Payment,6886,Success,QR Code,Rajasthan,Pune,Android
PP100641,2026-07-21 00:00:00,19:50:31,Customer_642,Merchant_14,9629467016,user642@ybl,BOB,Merchant Payment,3712,Success,Phone Number,Madhya Pradesh,Aurangabad,Android
PP100642,2026-07-21 00:00:00,03:24:14,Customer_643,Merchant_73,9168163164,user643@ybl,Axis,Bill Payment,19487,Success,Phone Number,Rajasthan,Pune,iOS
PP100643,2026-07-22 00:00:00,14:24:20,Customer_644,Merchant_15,9042657418,user644@ybl,Kotak,Merchant Payment,20393,Success,UPI,Rajasthan,Pune,Android
PP100644,2026-07-22 00:00:00,03:09:04,Customer_645,Merchant_21,9759686256,user645@ybl,PNB,Merchant Payment,352,Success,Phone Number,Maharashtra,Pune,iOS
PP100645,2026-07-22 00:00:00,00:29:10,Customer_646,Merchant_35,9123950846,user646@ybl,BOB,Bill Payment,13729,Pending,UPI,Madhya Pradesh,Kolhapur,Android
PP100646,2026-07-22 00:00:00,15:12:36,Customer_647,Merchant_66,9880025190,user647@ybl,Kotak,Food Payment,14129,Success,UPI,Gujarat,Aurangabad,iOS
PP100647,2026-07-22 00:00:00,18:52:37,Customer_648,Merchant_91,9043032180,user648@ybl,Canara,Merchant Payment,14867,Success,Phone Number,Gujarat,Aurangabad,Android
PP100648,2026-07-22 00:00:00,16:07:33,Customer_649,Merchant_2,9634940581,user649@ybl,SBI,Food Payment,14527,Success,Phone Number,Karnataka,Kolhapur,Android
PP100649,2026-07-22 00:00:00,19:40:55,Customer_650,Merchant_35,9654335345,user650@ybl,HDFC,Merchant Payment,9983,Success,QR Code,Madhya Pradesh,Nagpur,iOS
PP100650,2026-07-22 00:00:00,04:24:56,Customer_651,Merchant_82,9468966307,user651@ybl,HDFC,Merchant Payment,6126,Success,QR Code,Maharashtra,Kolhapur,iOS
PP100651,2026-07-22 00:00:00,15:29:21,Customer_652,Merchant_78,9304737728,user652@ybl,PNB,Food Payment,7353,Success,Phone Number,Karnataka,Mumbai,Android
PP100652,2026-07-22 00:00:00,17:22:32,Customer_653,Merchant_20,9201591500,user653@ybl,Axis,Bill Payment,16078,Success,Phone Number,Karnataka,Nashik,Android
PP100653,2026-07-22 00:00:00,21:30:54,Customer_654,Merchant_82,9498722020,user654@ybl,Kotak,Food Payment,6675,Success,Phone Number,Gujarat,Nashik,Android
PP100654,2026-07-22 00:00:00,07:45:35,Customer_655,Merchant_10,9704863881,user655@ybl,Canara,Bill Payment,5328,Failed,QR Code,Rajasthan,Pune,Android
PP100655,2026-07-22 00:00:00,10:27:21,Customer_656,Merchant_25,9995376698,user656@ybl,Kotak,Food Payment,20604,Success,Phone Number,Maharashtra,Aurangabad,iOS
PP100656,2026-07-22 00:00:00,08:15:11,Customer_657,Merchant_66,9450515878,user657@ybl,SBI,Merchant Payment,19125,Success,Phone Number,Madhya Pradesh,Aurangabad,Android
PP100657,2026-07-22 00:00:00,19:32:22,Customer_658,Merchant_25,9972755529,user658@ybl,SBI,Food Payment,1084,Failed,UPI,Karnataka,Pune,iOS
PP100658,2026-07-22 00:00:00,03:23:02,Customer_659,Merchant_54,9039591663,user659@ybl,Axis,Merchant Payment,9100,Failed,Phone Number,Maharashtra,Mumbai,Android
PP100659,2026-07-22 00:00:00,15:37:56,Customer_660,Merchant_33,9301897786,user660@ybl,Axis,Food Payment,11135,Pending,QR Code,Gujarat,Nashik,iOS
PP100660,2026-07-22 00:00:00,05:25:41,Customer_661,Merchant_36,9891525273,user661@ybl,SBI,Merchant Payment,6840,Success,QR Code,Karnataka,Kolhapur,iOS
PP100661,2026-07-22 00:00:00,22:51:50,Customer_662,Merchant_95,9958116113,user662@ybl,ICICI,Food Payment,8532,Pending,QR Code,Karnataka,Nagpur,Android
PP100662,2026-07-22 00:00:00,12:26:53,Customer_663,Merchant_14,9871731965,user663@ybl,SBI,Merchant Payment,3977,Success,UPI,Gujarat,Mumbai,Android
PP100663,2026-07-22 00:00:00,10:19:58,Customer_664,Merchant_65,9940170214,user664@ybl,Kotak,Merchant Payment,18786,Success,QR Code,Gujarat,Aurangabad,iOS
PP100664,2026-07-22 00:00:00,02:27:00,Customer_665,Merchant_80,9364735310,user665@ybl,PNB,Bill Payment,19635,Success,Phone Number,Gujarat,Pune,Android
PP100665,2026-07-22 00:00:00,06:41:10,Customer_666,Merchant_54,9073476775,user666@ybl,Kotak,Merchant Payment,7028,Success,UPI,Maharashtra,Nashik,Android
PP100666,2026-07-22 00:00:00,19:22:48,Customer_667,Merchant_52,9915002240,user667@ybl,HDFC,Food Payment,16064,Success,QR Code,Maharashtra,Pune,Android
PP100667,2026-07-22 00:00:00,03:05:22,Customer_668,Merchant_3,9956923999,user668@ybl,Canara,Bill Payment,17904,Pending,Phone Number,Maharashtra,Aurangabad,Android
PP100668,2026-07-22 00:00:00,22:22:39,Customer_669,Merchant_99,9992079910,user669@ybl,BOB,Food Payment,14707,Success,QR Code,Rajasthan,Pune,iOS
PP100669,2026-07-22 00:00:00,20:25:43,Customer_670,Merchant_41,9766385100,user670@ybl,PNB,Merchant Payment,17972,Success,QR Code,Karnataka,Kolhapur,Android
PP100670,2026-07-22 00:00:00,23:10:41,Customer_671,Merchant_6,9834237388,user671@ybl,ICICI,Food Payment,22296,Success,QR Code,Maharashtra,Nashik,iOS
PP100671,2026-07-22 00:00:00,11:36:26,Customer_672,Merchant_25,9519685264,user672@ybl,Canara,Food Payment,19685,Success,QR Code,Rajasthan,Pune,Android
PP100672,2026-07-22 00:00:00,01:52:17,Customer_673,Merchant_13,9024625409,user673@ybl,Canara,Merchant Payment,9731,Success,QR Code,Karnataka,Nashik,Android
PP100673,2026-07-22 00:00:00,10:01:02,Customer_674,Merchant_98,9570131897,user674@ybl,BOB,Merchant Payment,20493,Success,Phone Number,Maharashtra,Pune,Android
PP100674,2026-07-22 00:00:00,15:03:57,Customer_675,Merchant_8,9734381710,user675@ybl,HDFC,Food Payment,18269,Success,QR Code,Gujarat,Pune,Android
PP100675,2026-07-22 00:00:00,14:19:31,Customer_676,Merchant_21,9928286909,user676@ybl,HDFC,Bill Payment,9617,Success,Phone Number,Madhya Pradesh,Nashik,Android
PP100676,2026-07-23 00:00:00,07:05:10,Customer_677,Merchant_98,9482848958,user677@ybl,HDFC,Bill Payment,22004,Success,QR Code,Maharashtra,Kolhapur,Android
PP100677,2026-07-23 00:00:00,05:23:46,Customer_678,Merchant_68,9667688561,user678@ybl,PNB,Merchant Payment,15274,Success,QR Code,Madhya Pradesh,Pune,Android
PP100678,2026-07-23 00:00:00,10:21:05,Customer_679,Merchant_25,9800254189,user679@ybl,Kotak,Merchant Payment,22459,Success,QR Code,Maharashtra,Kolhapur,iOS
PP100679,2026-07-23 00:00:00,04:57:30,Customer_680,Merchant_79,9334793435,user680@ybl,Canara,Bill Payment,16408,Success,Phone Number,Gujarat,Mumbai,Android
PP100680,2026-07-23 00:00:00,18:22:30,Customer_681,Merchant_68,9275941996,user681@ybl,Kotak,Food Payment,14389,Success,QR Code,Madhya Pradesh,Nagpur,Android
PP100681,2026-07-23 00:00:00,20:48:30,Customer_682,Merchant_45,9106403396,user682@ybl,Kotak,Bill Payment,7979,Success,UPI,Rajasthan,Mumbai,Android
PP100682,2026-07-23 00:00:00,14:32:55,Customer_683,Merchant_60,9810169530,user683@ybl,HDFC,Merchant Payment,17572,Success,UPI,Gujarat,Nagpur,Android
PP100683,2026-07-23 00:00:00,09:50:35,Customer_684,Merchant_12,9040600192,user684@ybl,Kotak,Bill Payment,18802,Success,UPI,Madhya Pradesh,Mumbai,Android
PP100684,2026-07-23 00:00:00,15:52:12,Customer_685,Merchant_32,9089741450,user685@ybl,Canara,Bill Payment,19034,Success,UPI,Madhya Pradesh,Nagpur,Android
PP100685,2026-07-23 00:00:00,21:55:45,Customer_686,Merchant_96,9381403359,user686@ybl,Canara,Bill Payment,6628,Success,Phone Number,Gujarat,Pune,Android
PP100686,2026-07-23 00:00:00,22:47:30,Customer_687,Merchant_92,9828569195,user687@ybl,Axis,Food Payment,367,Success,UPI,Gujarat,Nashik,Android
PP100687,2026-07-23 00:00:00,00:49:43,Customer_688,Merchant_13,9511190471,user688@ybl,ICICI,Food Payment,22265,Success,Phone Number,Gujarat,Nashik,Android
PP100688,2026-07-23 00:00:00,05:44:22,Customer_689,Merchant_31,9479412543,user689@ybl,PNB,Bill Payment,12432,Failed,UPI,Karnataka,Aurangabad,Android
PP100689,2026-07-23 00:00:00,06:31:50,Customer_690,Merchant_78,9341819198,user690@ybl,Kotak,Merchant Payment,10025,Success,UPI,Rajasthan,Nagpur,Android
PP100690,2026-07-23 00:00:00,21:43:07,Customer_691,Merchant_20,9296353960,user691@ybl,PNB,Bill Payment,19746,Success,QR Code,Maharashtra,Aurangabad,iOS
PP100691,2026-07-23 00:00:00,11:23:18,Customer_692,Merchant_18,9220587697,user692@ybl,PNB,Food Payment,6520,Success,UPI,Madhya Pradesh,Kolhapur,Android
PP100692,2026-07-23 00:00:00,15:47:26,Customer_693,Merchant_93,9582998368,user693@ybl,PNB,Merchant Payment,2594,Success,Phone Number,Maharashtra,Kolhapur,Android
PP100693,2026-07-23 00:00:00,01:50:40,Customer_694,Merchant_60,9118284517,user694@ybl,BOB,Food Payment,20229,Success,UPI,Gujarat,Aurangabad,Android
PP100694,2026-07-23 00:00:00,12:22:27,Customer_695,Merchant_63,9815579480,user695@ybl,SBI,Food Payment,20997,Pending,QR Code,Rajasthan,Nagpur,iOS
PP100695,2026-07-23 00:00:00,15:10:20,Customer_696,Merchant_6,9896329502,user696@ybl,Axis,Bill Payment,5292,Success,Phone Number,Rajasthan,Nashik,Android
PP100696,2026-07-23 00:00:00,04:15:17,Customer_697,Merchant_32,9182131059,user697@ybl,PNB,Merchant Payment,24648,Success,QR Code,Karnataka,Nagpur,Android
PP100697,2026-07-23 00:00:00,02:06:04,Customer_698,Merchant_93,9799182772,user698@ybl,SBI,Food Payment,16552,Success,UPI,Gujarat,Kolhapur,iOS
PP100698,2026-07-23 00:00:00,07:35:45,Customer_699,Merchant_43,9250302844,user699@ybl,SBI,Merchant Payment,8714,Success,QR Code,Madhya Pradesh,Pune,Android
PP100699,2026-07-23 00:00:00,22:01:13,Customer_700,Merchant_2,9324373754,user700@ybl,Axis,Bill Payment,17273,Success,Phone Number,Karnataka,Aurangabad,Android
PP100700,2026-07-23 00:00:00,20:47:39,Customer_701,Merchant_60,9333838959,user701@ybl,Canara,Food Payment,3541,Success,Phone Number,Gujarat,Aurangabad,Android
PP100701,2026-07-23 00:00:00,22:26:05,Customer_702,Merchant_23,9692720941,user702@ybl,BOB,Merchant Payment,20275,Pending,Phone Number,Karnataka,Kolhapur,Android
PP100702,2026-07-23 00:00:00,20:33:58,Customer_703,Merchant_83,9959803007,user703@ybl,Kotak,Merchant Payment,1320,Success,QR Code,Maharashtra,Nagpur,iOS
PP100703,2026-07-23 00:00:00,14:33:13,Customer_704,Merchant_31,9107323400,user704@ybl,Axis,Bill Payment,23999,Failed,Phone Number,Gujarat,Aurangabad,Android
PP100704,2026-07-23 00:00:00,18:21:21,Customer_705,Merchant_5,9250160639,user705@ybl,ICICI,Merchant Payment,12245,Pending,UPI,Madhya Pradesh,Nashik,Android
PP100705,2026-07-23 00:00:00,08:10:30,Customer_706,Merchant_83,9578583578,user706@ybl,SBI,Bill Payment,11501,Success,UPI,Madhya Pradesh,Aurangabad,Android
PP100706,2026-07-23 00:00:00,20:58:52,Customer_707,Merchant_34,9215307881,user707@ybl,PNB,Food Payment,21237,Success,Phone Number,Gujarat,Nagpur,iOS
PP100707,2026-07-23 00:00:00,07:43:08,Customer_708,Merchant_10,9864687530,user708@ybl,SBI,Bill Payment,12065,Success,UPI,Karnataka,Kolhapur,Android
PP100708,2026-07-23 00:00:00,13:29:03,Customer_709,Merchant_89,9525531812,user709@ybl,BOB,Food Payment,23074,Success,UPI,Rajasthan,Nashik,Android
PP100709,2026-07-24 00:00:00,03:51:59,Customer_710,Merchant_2,9906080462,user710@ybl,ICICI,Food Payment,18855,Success,UPI,Gujarat,Nashik,Android
PP100710,2026-07-24 00:00:00,19:15:46,Customer_711,Merchant_11,9872463428,user711@ybl,Canara,Bill Payment,4405,Success,QR Code,Madhya Pradesh,Aurangabad,Android
PP100711,2026-07-24 00:00:00,11:06:14,Customer_712,Merchant_50,9986916648,user712@ybl,Canara,Bill Payment,14775,Success,Phone Number,Maharashtra,Nagpur,Android
PP100712,2026-07-24 00:00:00,04:32:51,Customer_713,Merchant_31,9230530128,user713@ybl,HDFC,Bill Payment,24934,Success,QR Code,Madhya Pradesh,Aurangabad,Android
PP100713,2026-07-24 00:00:00,12:31:24,Customer_714,Merchant_56,9763073289,user714@ybl,PNB,Merchant Payment,2844,Success,UPI,Rajasthan,Pune,Android
PP100714,2026-07-24 00:00:00,08:13:49,Customer_715,Merchant_79,9338143848,user715@ybl,HDFC,Merchant Payment,23258,Success,QR Code,Madhya Pradesh,Kolhapur,Android
PP100715,2026-07-24 00:00:00,14:13:04,Customer_716,Merchant_73,9818230008,user716@ybl,BOB,Merchant Payment,5984,Success,Phone Number,Rajasthan,Pune,Android
PP100716,2026-07-24 00:00:00,17:11:56,Customer_717,Merchant_87,9744822685,user717@ybl,ICICI,Bill Payment,17390,Success,Phone Number,Gujarat,Nashik,Android
PP100717,2026-07-24 00:00:00,20:32:52,Customer_718,Merchant_83,9101099897,user718@ybl,SBI,Food Payment,24575,Success,UPI,Madhya Pradesh,Aurangabad,Android
PP100718,2026-07-24 00:00:00,17:16:27,Customer_719,Merchant_9,9627119260,user719@ybl,Kotak,Merchant Payment,19894,Success,Phone Number,Karnataka,Pune,iOS
PP100719,2026-07-24 00:00:00,03:36:24,Customer_720,Merchant_99,9763490300,user720@ybl,HDFC,Merchant Payment,24480,Success,Phone Number,Karnataka,Mumbai,Android
PP100720,2026-07-24 00:00:00,09:10:39,Customer_721,Merchant_21,9906631277,user721@ybl,Canara,Food Payment,3787,Success,UPI,Madhya Pradesh,Pune,Android
PP100721,2026-07-24 00:00:00,23:43:51,Customer_722,Merchant_73,9598830094,user722@ybl,PNB,Merchant Payment,13596,Failed,UPI,Madhya Pradesh,Aurangabad,Android
PP100722,2026-07-24 00:00:00,23:14:51,Customer_723,Merchant_28,9156057469,user723@ybl,SBI,Merchant Payment,12288,Success,UPI,Maharashtra,Aurangabad,iOS
PP100723,2026-07-24 00:00:00,16:16:46,Customer_724,Merchant_62,9536989964,user724@ybl,ICICI,Merchant Payment,18410,Success,Phone Number,Madhya Pradesh,Kolhapur,Android
PP100724,2026-07-24 00:00:00,02:56:56,Customer_725,Merchant_7,9621434738,user725@ybl,Axis,Bill Payment,7945,Success,UPI,Maharashtra,Pune,Android
PP100725,2026-07-24 00:00:00,13:54:32,Customer_726,Merchant_80,9696757299,user726@ybl,BOB,Bill Payment,3127,Success,QR Code,Maharashtra,Aurangabad,Android
PP100726,2026-07-24 00:00:00,06:49:34,Customer_727,Merchant_16,9050811619,user727@ybl,BOB,Food Payment,20872,Success,UPI,Maharashtra,Aurangabad,Android
PP100727,2026-07-24 00:00:00,00:57:10,Customer_728,Merchant_97,9756659886,user728@ybl,Canara,Food Payment,19734,Success,Phone Number,Maharashtra,Kolhapur,iOS
PP100728,2026-07-24 00:00:00,03:31:16,Customer_729,Merchant_4,9892204318,user729@ybl,Axis,Bill Payment,8742,Success,QR Code,Gujarat,Kolhapur,Android
PP100729,2026-07-24 00:00:00,03:00:16,Customer_730,Merchant_4,9275403204,user730@ybl,BOB,Bill Payment,17327,Success,Phone Number,Karnataka,Kolhapur,Android
PP100730,2026-07-24 00:00:00,09:05:33,Customer_731,Merchant_40,9512538431,user731@ybl,Kotak,Merchant Payment,22651,Success,Phone Number,Maharashtra,Kolhapur,iOS
PP100731,2026-07-24 00:00:00,23:48:00,Customer_732,Merchant_17,9591628475,user732@ybl,SBI,Food Payment,24836,Success,UPI,Karnataka,Mumbai,Android
PP100732,2026-07-24 00:00:00,00:34:10,Customer_733,Merchant_52,9972249279,user733@ybl,PNB,Bill Payment,18300,Success,QR Code,Maharashtra,Nashik,iOS
PP100733,2026-07-24 00:00:00,09:25:33,Customer_734,Merchant_93,9713903398,user734@ybl,SBI,Food Payment,7903,Failed,UPI,Karnataka,Aurangabad,Android
PP100734,2026-07-24 00:00:00,06:55:51,Customer_735,Merchant_52,9218805972,user735@ybl,Kotak,Food Payment,19728,Success,Phone Number,Madhya Pradesh,Nagpur,Android
PP100735,2026-07-24 00:00:00,09:00:13,Customer_736,Merchant_36,9815062638,user736@ybl,BOB,Merchant Payment,13473,Success,QR Code,Madhya Pradesh,Kolhapur,iOS
PP100736,2026-07-24 00:00:00,09:40:01,Customer_737,Merchant_38,9427512796,user737@ybl,Kotak,Bill Payment,17217,Pending,UPI,Karnataka,Nashik,Android
PP100737,2026-07-24 00:00:00,15:26:59,Customer_738,Merchant_50,9950824662,user738@ybl,SBI,Merchant Payment,21154,Success,UPI,Maharashtra,Kolhapur,Android
PP100738,2026-07-24 00:00:00,09:08:33,Customer_739,Merchant_63,9396718675,user739@ybl,BOB,Food Payment,7638,Pending,QR Code,Gujarat,Nashik,Android
PP100739,2026-07-25 00:00:00,11:16:40,Customer_740,Merchant_63,9583480368,user740@ybl,PNB,Bill Payment,802,Success,Phone Number,Karnataka,Nagpur,Android
PP100740,2026-07-25 00:00:00,16:02:55,Customer_741,Merchant_62,9957893071,user741@ybl,PNB,Merchant Payment,14662,Success,Phone Number,Rajasthan,Pune,Android
PP100741,2026-07-25 00:00:00,09:50:00,Customer_742,Merchant_99,9069882569,user742@ybl,Axis,Food Payment,20459,Success,Phone Number,Gujarat,Mumbai,Android
PP100742,2026-07-25 00:00:00,01:14:54,Customer_743,Merchant_7,9817631745,user743@ybl,Kotak,Bill Payment,7809,Failed,QR Code,Rajasthan,Aurangabad,Android
PP100743,2026-07-25 00:00:00,22:24:48,Customer_744,Merchant_27,9690738015,user744@ybl,ICICI,Food Payment,24603,Success,UPI,Karnataka,Pune,Android
PP100744,2026-07-25 00:00:00,20:44:51,Customer_745,Merchant_92,9903794850,user745@ybl,Axis,Food Payment,14022,Success,Phone Number,Maharashtra,Nagpur,iOS
PP100745,2026-07-25 00:00:00,11:56:41,Customer_746,Merchant_86,9555754139,user746@ybl,PNB,Bill Payment,19543,Success,UPI,Rajasthan,Mumbai,Android
PP100746,2026-07-25 00:00:00,18:42:44,Customer_747,Merchant_14,9493169910,user747@ybl,Canara,Merchant Payment,12001,Success,Phone Number,Karnataka,Mumbai,Android
PP100747,2026-07-25 00:00:00,12:30:28,Customer_748,Merchant_71,9400058904,user748@ybl,BOB,Bill Payment,5027,Success,QR Code,Gujarat,Mumbai,Android
PP100748,2026-07-25 00:00:00,10:26:13,Customer_749,Merchant_86,9880707047,user749@ybl,Axis,Merchant Payment,20455,Success,UPI,Maharashtra,Nagpur,Android
PP100749,2026-07-25 00:00:00,00:13:26,Customer_750,Merchant_5,9580809920,user750@ybl,HDFC,Food Payment,7595,Failed,Phone Number,Rajasthan,Kolhapur,Android
PP100750,2026-07-25 00:00:00,15:43:58,Customer_751,Merchant_55,9211870300,user751@ybl,ICICI,Bill Payment,19594,Success,Phone Number,Karnataka,Kolhapur,Android
PP100751,2026-07-25 00:00:00,08:15:57,Customer_752,Merchant_2,9312813014,user752@ybl,BOB,Bill Payment,16204,Success,Phone Number,Maharashtra,Kolhapur,iOS
PP100752,2026-07-25 00:00:00,09:37:16,Customer_753,Merchant_62,9906357510,user753@ybl,Axis,Food Payment,11314,Success,UPI,Maharashtra,Pune,iOS
PP100753,2026-07-25 00:00:00,22:14:57,Customer_754,Merchant_91,9778508259,user754@ybl,PNB,Food Payment,5657,Pending,UPI,Madhya Pradesh,Aurangabad,Android
PP100754,2026-07-25 00:00:00,13:24:40,Customer_755,Merchant_21,9982449633,user755@ybl,SBI,Bill Payment,12790,Pending,QR Code,Maharashtra,Mumbai,Android
PP100755,2026-07-25 00:00:00,06:44:22,Customer_756,Merchant_79,9683355602,user756@ybl,PNB,Bill Payment,14562,Success,QR Code,Karnataka,Mumbai,Android
PP100756,2026-07-25 00:00:00,22:20:35,Customer_757,Merchant_21,9855424023,user757@ybl,ICICI,Merchant Payment,10928,Success,Phone Number,Gujarat,Pune,Android
PP100757,2026-07-25 00:00:00,17:16:51,Customer_758,Merchant_10,9498329095,user758@ybl,HDFC,Bill Payment,16982,Success,UPI,Madhya Pradesh,Kolhapur,Android
PP100758,2026-07-25 00:00:00,15:14:02,Customer_759,Merchant_87,9697034107,user759@ybl,Axis,Merchant Payment,24542,Success,Phone Number,Karnataka,Mumbai,Android
PP100759,2026-07-25 00:00:00,15:49:39,Customer_760,Merchant_58,9548197980,user760@ybl,SBI,Food Payment,20886,Success,QR Code,Karnataka,Mumbai,Android
PP100760,2026-07-25 00:00:00,22:37:50,Customer_761,Merchant_39,9672326825,user761@ybl,Axis,Food Payment,12719,Success,Phone Number,Karnataka,Nagpur,Android
PP100761,2026-07-25 00:00:00,10:36:37,Customer_762,Merchant_5,9751611100,user762@ybl,Kotak,Food Payment,1885,Success,QR Code,Rajasthan,Nashik,iOS
PP100762,2026-07-25 00:00:00,11:37:24,Customer_763,Merchant_65,9642095081,user763@ybl,Canara,Bill Payment,21893,Success,QR Code,Rajasthan,Pune,Android
PP100763,2026-07-25 00:00:00,17:59:14,Customer_764,Merchant_13,9065543329,user764@ybl,PNB,Merchant Payment,1396,Success,Phone Number,Gujarat,Pune,Android
PP100764,2026-07-25 00:00:00,09:29:17,Customer_765,Merchant_85,9768069360,user765@ybl,Axis,Bill Payment,14275,Success,QR Code,Karnataka,Kolhapur,Android
PP100765,2026-07-25 00:00:00,21:25:29,Customer_766,Merchant_90,9424313209,user766@ybl,Axis,Bill Payment,13667,Success,Phone Number,Rajasthan,Pune,iOS
PP100766,2026-07-25 00:00:00,11:07:22,Customer_767,Merchant_85,9743943243,user767@ybl,BOB,Food Payment,5428,Success,Phone Number,Rajasthan,Kolhapur,iOS
PP100767,2026-07-25 00:00:00,17:07:45,Customer_768,Merchant_53,9029976102,user768@ybl,BOB,Bill Payment,8183,Pending,Phone Number,Rajasthan,Nagpur,Android
PP100768,2026-07-25 00:00:00,23:00:56,Customer_769,Merchant_82,9490224280,user769@ybl,Axis,Food Payment,21462,Success,QR Code,Gujarat,Nagpur,Android
PP100769,2026-07-25 00:00:00,07:36:16,Customer_770,Merchant_45,9399301052,user770@ybl,HDFC,Merchant Payment,6303,Success,UPI,Gujarat,Aurangabad,iOS
PP100770,2026-07-25 00:00:00,15:25:54,Customer_771,Merchant_32,9648634449,user771@ybl,Canara,Food Payment,1996,Success,UPI,Karnataka,Kolhapur,Android
PP100771,2026-07-25 00:00:00,03:56:39,Customer_772,Merchant_36,9892578620,user772@ybl,Axis,Merchant Payment,6463,Success,UPI,Madhya Pradesh,Nagpur,iOS
PP100772,2026-07-26 00:00:00,22:36:52,Customer_773,Merchant_81,9352050805,user773@ybl,ICICI,Merchant Payment,13344,Success,UPI,Karnataka,Kolhapur,Android
PP100773,2026-07-26 00:00:00,14:09:08,Customer_774,Merchant_99,9062560045,user774@ybl,PNB,Bill Payment,21163,Success,UPI,Rajasthan,Pune,Android
PP100774,2026-07-26 00:00:00,20:29:41,Customer_775,Merchant_60,9803979821,user775@ybl,Kotak,Food Payment,7615,Success,UPI,Rajasthan,Aurangabad,Android
PP100775,2026-07-26 00:00:00,20:12:30,Customer_776,Merchant_11,9310260107,user776@ybl,BOB,Food Payment,4940,Success,QR Code,Maharashtra,Nashik,Android
PP100776,2026-07-26 00:00:00,18:24:22,Customer_777,Merchant_63,9472675617,user777@ybl,ICICI,Food Payment,18291,Success,QR Code,Karnataka,Mumbai,Android
PP100777,2026-07-26 00:00:00,12:56:40,Customer_778,Merchant_21,9460407331,user778@ybl,PNB,Bill Payment,17395,Success,UPI,Rajasthan,Mumbai,Android
PP100778,2026-07-26 00:00:00,21:21:38,Customer_779,Merchant_52,9408451990,user779@ybl,SBI,Merchant Payment,5248,Success,UPI,Rajasthan,Aurangabad,iOS
PP100779,2026-07-26 00:00:00,17:21:23,Customer_780,Merchant_55,9365900734,user780@ybl,BOB,Food Payment,11768,Success,Phone Number,Madhya Pradesh,Kolhapur,Android
PP100780,2026-07-26 00:00:00,05:04:57,Customer_781,Merchant_26,9679613909,user781@ybl,HDFC,Food Payment,15735,Success,QR Code,Maharashtra,Kolhapur,Android
PP100781,2026-07-26 00:00:00,08:27:28,Customer_782,Merchant_68,9822989271,user782@ybl,BOB,Food Payment,14504,Success,QR Code,Karnataka,Kolhapur,Android
PP100782,2026-07-26 00:00:00,07:16:12,Customer_783,Merchant_34,9210178164,user783@ybl,Canara,Food Payment,24450,Success,QR Code,Gujarat,Nashik,Android
PP100783,2026-07-26 00:00:00,11:54:34,Customer_784,Merchant_52,9285046379,user784@ybl,Canara,Merchant Payment,6470,Success,Phone Number,Karnataka,Mumbai,Android
PP100784,2026-07-26 00:00:00,02:07:37,Customer_785,Merchant_82,9488801239,user785@ybl,PNB,Food Payment,20008,Success,QR Code,Karnataka,Aurangabad,Android
PP100785,2026-07-26 00:00:00,23:26:26,Customer_786,Merchant_99,9895085332,user786@ybl,ICICI,Bill Payment,17487,Success,QR Code,Madhya Pradesh,Kolhapur,Android
PP100786,2026-07-26 00:00:00,07:03:45,Customer_787,Merchant_93,9621973704,user787@ybl,Kotak,Bill Payment,40,Success,Phone Number,Karnataka,Nagpur,Android
PP100787,2026-07-26 00:00:00,07:24:45,Customer_788,Merchant_52,9803597246,user788@ybl,HDFC,Merchant Payment,14737,Success,Phone Number,Madhya Pradesh,Pune,iOS
PP100788,2026-07-26 00:00:00,06:49:38,Customer_789,Merchant_29,9067785512,user789@ybl,PNB,Food Payment,14600,Success,QR Code,Madhya Pradesh,Nashik,Android
PP100789,2026-07-26 00:00:00,08:00:31,Customer_790,Merchant_38,9337093302,user790@ybl,SBI,Merchant Payment,10137,Success,QR Code,Rajasthan,Kolhapur,iOS
PP100790,2026-07-26 00:00:00,02:11:46,Customer_791,Merchant_42,9458880871,user791@ybl,HDFC,Bill Payment,9684,Success,UPI,Gujarat,Mumbai,Android
PP100791,2026-07-26 00:00:00,17:03:33,Customer_792,Merchant_21,9005864101,user792@ybl,Canara,Bill Payment,1119,Pending,QR Code,Madhya Pradesh,Pune,Android
PP100792,2026-07-26 00:00:00,15:00:28,Customer_793,Merchant_42,9025729894,user793@ybl,Axis,Bill Payment,23245,Success,Phone Number,Maharashtra,Aurangabad,iOS
PP100793,2026-07-26 00:00:00,02:01:27,Customer_794,Merchant_13,9672114018,user794@ybl,Axis,Food Payment,2657,Success,QR Code,Maharashtra,Kolhapur,Android
PP100794,2026-07-26 00:00:00,09:21:00,Customer_795,Merchant_64,9658648553,user795@ybl,Kotak,Food Payment,8601,Success,Phone Number,Gujarat,Mumbai,Android
PP100795,2026-07-26 00:00:00,21:02:38,Customer_796,Merchant_17,9048774822,user796@ybl,HDFC,Bill Payment,7764,Success,QR Code,Madhya Pradesh,Pune,Android
PP100796,2026-07-26 00:00:00,16:48:24,Customer_797,Merchant_9,9085178811,user797@ybl,PNB,Food Payment,19817,Success,Phone Number,Gujarat,Nagpur,Android
PP100797,2026-07-26 00:00:00,16:35:20,Customer_798,Merchant_41,9630712426,user798@ybl,Kotak,Food Payment,7477,Success,QR Code,Rajasthan,Nashik,Android
PP100798,2026-07-26 00:00:00,09:38:21,Customer_799,Merchant_1,9616598816,user799@ybl,BOB,Bill Payment,10827,Success,UPI,Maharashtra,Aurangabad,iOS
PP100799,2026-07-26 00:00:00,23:08:20,Customer_800,Merchant_2,9450653083,user800@ybl,BOB,Food Payment,17758,Success,QR Code,Karnataka,Mumbai,Android
PP100800,2026-07-26 00:00:00,04:54:34,Customer_801,Merchant_60,9171457003,user801@ybl,SBI,Merchant Payment,6422,Success,UPI,Maharashtra,Nagpur,Android
PP100801,2026-07-26 00:00:00,23:12:40,Customer_802,Merchant_48,9486674408,user802@ybl,ICICI,Bill Payment,4541,Success,UPI,Madhya Pradesh,Nashik,iOS
PP100802,2026-07-26 00:00:00,06:37:54,Customer_803,Merchant_29,9582419471,user803@ybl,Axis,Bill Payment,21529,Success,Phone Number,Gujarat,Nashik,Android
PP100803,2026-07-26 00:00:00,12:07:22,Customer_804,Merchant_97,9739904067,user804@ybl,PNB,Food Payment,16409,Success,UPI,Maharashtra,Nagpur,Android
PP100804,2026-07-26 00:00:00,18:06:00,Customer_805,Merchant_10,9226327261,user805@ybl,HDFC,Merchant Payment,8402,Pending,Phone Number,Karnataka,Mumbai,Android
PP100805,2026-07-26 00:00:00,04:53:22,Customer_806,Merchant_58,9057098223,user806@ybl,Kotak,Merchant Payment,24743,Success,UPI,Karnataka,Nashik,Android
PP100806,2026-07-26 00:00:00,07:12:11,Customer_807,Merchant_60,9082930304,user807@ybl,PNB,Food Payment,12712,Success,UPI,Gujarat,Aurangabad,Android
PP100807,2026-07-26 00:00:00,08:06:32,Customer_808,Merchant_21,9467363253,user808@ybl,Kotak,Bill Payment,4373,Success,Phone Number,Gujarat,Pune,Android
PP100808,2026-07-26 00:00:00,12:55:42,Customer_809,Merchant_28,9284659465,user809@ybl,Kotak,Merchant Payment,15085,Failed,QR Code,Maharashtra,Aurangabad,Android
PP100809,2026-07-26 00:00:00,11:48:40,Customer_810,Merchant_75,9912120751,user810@ybl,Kotak,Merchant Payment,19954,Success,QR Code,Madhya Pradesh,Kolhapur,Android
PP100810,2026-07-26 00:00:00,17:59:32,Customer_811,Merchant_34,9756062753,user811@ybl,HDFC,Merchant Payment,14445,Success,QR Code,Rajasthan,Nashik,Android
PP100811,2026-07-26 00:00:00,16:19:22,Customer_812,Merchant_8,9789154492,user812@ybl,PNB,Merchant Payment,13131,Pending,QR Code,Karnataka,Pune,Android
PP100812,2026-07-26 00:00:00,13:55:06,Customer_813,Merchant_59,9774797218,user813@ybl,Canara,Food Payment,8051,Success,Phone Number,Gujarat,Nagpur,Android
PP100813,2026-07-26 00:00:00,22:32:01,Customer_814,Merchant_86,9183190388,user814@ybl,Canara,Merchant Payment,20509,Success,Phone Number,Rajasthan,Pune,Android
PP100814,2026-07-26 00:00:00,07:05:59,Customer_815,Merchant_72,9385095815,user815@ybl,HDFC,Food Payment,15530,Success,QR Code,Rajasthan,Pune,Android
PP100815,2026-07-26 00:00:00,09:22:22,Customer_816,Merchant_49,9137686015,user816@ybl,BOB,Food Payment,5103,Success,Phone Number,Rajasthan,Pune,iOS
PP100816,2026-07-26 00:00:00,19:21:09,Customer_817,Merchant_79,9628655049,user817@ybl,HDFC,Bill Payment,8836,Success,UPI,Madhya Pradesh,Nashik,Android
PP100817,2026-07-26 00:00:00,22:16:39,Customer_818,Merchant_17,9269246291,user818@ybl,Axis,Merchant Payment,12337,Pending,QR Code,Gujarat,Kolhapur,Android
PP100818,2026-07-26 00:00:00,06:02:34,Customer_819,Merchant_60,9573876625,user819@ybl,Kotak,Merchant Payment,2195,Success,Phone Number,Karnataka,Kolhapur,Android
PP100819,2026-07-26 00:00:00,01:06:12,Customer_820,Merchant_87,9402039238,user820@ybl,PNB,Food Payment,11361,Success,QR Code,Gujarat,Mumbai,Android
PP100820,2026-07-27 00:00:00,19:40:31,Customer_821,Merchant_88,9255686074,user821@ybl,PNB,Food Payment,21628,Success,Phone Number,Maharashtra,Kolhapur,Android
PP100821,2026-07-27 00:00:00,11:37:53,Customer_822,Merchant_45,9894412986,user822@ybl,ICICI,Bill Payment,17599,Success,QR Code,Karnataka,Nashik,iOS
PP100822,2026-07-27 00:00:00,02:45:03,Customer_823,Merchant_83,9021087410,user823@ybl,ICICI,Bill Payment,2089,Success,Phone Number,Gujarat,Mumbai,iOS
PP100823,2026-07-27 00:00:00,00:50:20,Customer_824,Merchant_69,9610166954,user824@ybl,SBI,Bill Payment,3378,Success,Phone Number,Karnataka,Nagpur,iOS
PP100824,2026-07-27 00:00:00,11:35:55,Customer_825,Merchant_32,9228383135,user825@ybl,Canara,Food Payment,18842,Success,UPI,Maharashtra,Nagpur,iOS
PP100825,2026-07-27 00:00:00,23:52:36,Customer_826,Merchant_44,9540245082,user826@ybl,ICICI,Merchant Payment,8828,Success,UPI,Karnataka,Nagpur,iOS
PP100826,2026-07-27 00:00:00,12:40:48,Customer_827,Merchant_65,9921725163,user827@ybl,ICICI,Bill Payment,4264,Success,QR Code,Rajasthan,Nagpur,Android
PP100827,2026-07-27 00:00:00,02:38:36,Customer_828,Merchant_87,9898672419,user828@ybl,Canara,Bill Payment,19747,Success,Phone Number,Madhya Pradesh,Nagpur,Android
PP100828,2026-07-27 00:00:00,00:39:56,Customer_829,Merchant_8,9678699785,user829@ybl,Axis,Food Payment,1831,Success,UPI,Maharashtra,Aurangabad,iOS
PP100829,2026-07-27 00:00:00,23:21:22,Customer_830,Merchant_77,9911386176,user830@ybl,BOB,Bill Payment,16575,Success,UPI,Karnataka,Nashik,Android
PP100830,2026-07-27 00:00:00,05:18:49,Customer_831,Merchant_72,9872011353,user831@ybl,Canara,Merchant Payment,20546,Success,QR Code,Maharashtra,Mumbai,Android
PP100831,2026-07-27 00:00:00,00:26:31,Customer_832,Merchant_87,9835599072,user832@ybl,BOB,Bill Payment,17029,Success,Phone Number,Rajasthan,Nagpur,Android
PP100832,2026-07-27 00:00:00,03:08:23,Customer_833,Merchant_43,9521408623,user833@ybl,SBI,Bill Payment,5926,Success,Phone Number,Madhya Pradesh,Aurangabad,Android
PP100833,2026-07-27 00:00:00,08:29:21,Customer_834,Merchant_1,9526584329,user834@ybl,ICICI,Bill Payment,8003,Success,QR Code,Maharashtra,Kolhapur,Android
PP100834,2026-07-27 00:00:00,19:55:19,Customer_835,Merchant_51,9022660278,user835@ybl,PNB,Bill Payment,4083,Success,UPI,Rajasthan,Aurangabad,Android
PP100835,2026-07-27 00:00:00,23:57:11,Customer_836,Merchant_24,9667520600,user836@ybl,ICICI,Food Payment,10466,Success,QR Code,Rajasthan,Aurangabad,Android
PP100836,2026-07-27 00:00:00,02:01:54,Customer_837,Merchant_99,9896350653,user837@ybl,Kotak,Bill Payment,8664,Success,UPI,Rajasthan,Nashik,iOS
PP100837,2026-07-27 00:00:00,05:27:03,Customer_838,Merchant_24,9620320147,user838@ybl,SBI,Food Payment,9630,Success,UPI,Karnataka,Nagpur,Android
PP100838,2026-07-27 00:00:00,18:47:55,Customer_839,Merchant_17,9033467506,user839@ybl,BOB,Food Payment,8162,Success,Phone Number,Gujarat,Aurangabad,iOS
PP100839,2026-07-27 00:00:00,18:04:42,Customer_840,Merchant_5,9257695880,user840@ybl,BOB,Bill Payment,773,Success,Phone Number,Maharashtra,Aurangabad,Android
PP100840,2026-07-27 00:00:00,23:13:44,Customer_841,Merchant_20,9007962132,user841@ybl,Kotak,Bill Payment,11584,Success,UPI,Gujarat,Nagpur,Android
PP100841,2026-07-27 00:00:00,09:12:10,Customer_842,Merchant_21,9697525169,user842@ybl,Kotak,Food Payment,6871,Success,UPI,Rajasthan,Nashik,Android
PP100842,2026-07-27 00:00:00,14:22:36,Customer_843,Merchant_58,9637363469,user843@ybl,Axis,Merchant Payment,5124,Success,UPI,Gujarat,Aurangabad,Android
PP100843,2026-07-27 00:00:00,07:18:12,Customer_844,Merchant_31,9294242960,user844@ybl,HDFC,Merchant Payment,23747,Success,QR Code,Rajasthan,Mumbai,Android
PP100844,2026-07-27 00:00:00,23:56:46,Customer_845,Merchant_100,9884895427,user845@ybl,Kotak,Bill Payment,15210,Success,UPI,Rajasthan,Pune,iOS
PP100845,2026-07-28 00:00:00,19:14:34,Customer_846,Merchant_11,9392578541,user846@ybl,BOB,Bill Payment,23330,Success,UPI,Madhya Pradesh,Kolhapur,Android
PP100846,2026-07-28 00:00:00,00:41:09,Customer_847,Merchant_52,9181122368,user847@ybl,PNB,Bill Payment,13441,Pending,UPI,Madhya Pradesh,Pune,iOS
PP100847,2026-07-28 00:00:00,14:59:07,Customer_848,Merchant_15,9138190978,user848@ybl,BOB,Food Payment,23231,Success,Phone Number,Gujarat,Pune,Android
PP100848,2026-07-28 00:00:00,06:15:34,Customer_849,Merchant_83,9673317183,user849@ybl,BOB,Food Payment,11222,Success,Phone Number,Maharashtra,Nashik,Android
PP100849,2026-07-28 00:00:00,17:40:20,Customer_850,Merchant_7,9032567155,user850@ybl,Axis,Merchant Payment,11123,Success,QR Code,Gujarat,Aurangabad,Android
PP100850,2026-07-28 00:00:00,13:34:34,Customer_851,Merchant_28,9949962398,user851@ybl,HDFC,Merchant Payment,9437,Success,QR Code,Maharashtra,Pune,Android
PP100851,2026-07-28 00:00:00,13:48:28,Customer_852,Merchant_51,9321437651,user852@ybl,HDFC,Bill Payment,8379,Success,Phone Number,Gujarat,Pune,Android
PP100852,2026-07-28 00:00:00,20:42:33,Customer_853,Merchant_58,9298842175,user853@ybl,Kotak,Food Payment,3705,Success,Phone Number,Karnataka,Kolhapur,Android
PP100853,2026-07-28 00:00:00,18:59:04,Customer_854,Merchant_5,9960091920,user854@ybl,SBI,Merchant Payment,24681,Success,UPI,Karnataka,Nagpur,Android
PP100854,2026-07-28 00:00:00,13:38:58,Customer_855,Merchant_5,9420758288,user855@ybl,ICICI,Bill Payment,9889,Success,UPI,Maharashtra,Aurangabad,Android
PP100855,2026-07-28 00:00:00,15:05:02,Customer_856,Merchant_94,9025734856,user856@ybl,BOB,Food Payment,18386,Success,QR Code,Madhya Pradesh,Aurangabad,Android
PP100856,2026-07-28 00:00:00,13:13:58,Customer_857,Merchant_96,9633344781,user857@ybl,Canara,Merchant Payment,4964,Success,UPI,Maharashtra,Kolhapur,Android
PP100857,2026-07-28 00:00:00,21:44:09,Customer_858,Merchant_8,9600396110,user858@ybl,ICICI,Merchant Payment,24296,Success,QR Code,Gujarat,Nagpur,Android
PP100858,2026-07-28 00:00:00,00:45:19,Customer_859,Merchant_64,9916859199,user859@ybl,ICICI,Merchant Payment,15430,Pending,QR Code,Rajasthan,Aurangabad,Android
PP100859,2026-07-28 00:00:00,06:21:30,Customer_860,Merchant_10,9860813832,user860@ybl,HDFC,Bill Payment,15491,Success,QR Code,Karnataka,Mumbai,Android
PP100860,2026-07-28 00:00:00,21:27:16,Customer_861,Merchant_38,9065935535,user861@ybl,HDFC,Food Payment,9698,Success,QR Code,Rajasthan,Kolhapur,Android
PP100861,2026-07-28 00:00:00,10:08:29,Customer_862,Merchant_96,9972390399,user862@ybl,Axis,Bill Payment,24595,Success,QR Code,Karnataka,Nashik,Android
PP100862,2026-07-28 00:00:00,11:48:54,Customer_863,Merchant_92,9873692893,user863@ybl,Axis,Food Payment,8653,Success,Phone Number,Gujarat,Nagpur,Android
PP100863,2026-07-28 00:00:00,05:13:07,Customer_864,Merchant_81,9194195905,user864@ybl,HDFC,Bill Payment,8482,Success,UPI,Karnataka,Kolhapur,iOS
PP100864,2026-07-28 00:00:00,13:34:05,Customer_865,Merchant_95,9321682581,user865@ybl,PNB,Merchant Payment,13908,Success,QR Code,Maharashtra,Pune,Android
PP100865,2026-07-28 00:00:00,16:05:32,Customer_866,Merchant_8,9644683898,user866@ybl,PNB,Merchant Payment,16747,Success,UPI,Rajasthan,Aurangabad,Android
PP100866,2026-07-28 00:00:00,09:11:02,Customer_867,Merchant_25,9321815443,user867@ybl,Canara,Food Payment,16223,Success,UPI,Rajasthan,Mumbai,Android
PP100867,2026-07-28 00:00:00,21:01:53,Customer_868,Merchant_73,9543859992,user868@ybl,HDFC,Bill Payment,3101,Pending,QR Code,Gujarat,Mumbai,iOS
PP100868,2026-07-28 00:00:00,16:47:41,Customer_869,Merchant_66,9950495782,user869@ybl,Kotak,Bill Payment,23041,Success,UPI,Rajasthan,Nashik,Android
PP100869,2026-07-28 00:00:00,20:56:58,Customer_870,Merchant_79,9137723291,user870@ybl,Axis,Merchant Payment,9469,Failed,UPI,Gujarat,Kolhapur,iOS
PP100870,2026-07-28 00:00:00,18:31:12,Customer_871,Merchant_50,9354218080,user871@ybl,HDFC,Food Payment,15677,Success,UPI,Madhya Pradesh,Mumbai,Android
PP100871,2026-07-28 00:00:00,09:40:32,Customer_872,Merchant_67,9656220319,user872@ybl,PNB,Merchant Payment,2311,Pending,QR Code,Maharashtra,Kolhapur,Android
PP100872,2026-07-28 00:00:00,08:52:46,Customer_873,Merchant_49,9726685070,user873@ybl,HDFC,Bill Payment,1552,Success,Phone Number,Karnataka,Aurangabad,iOS
PP100873,2026-07-28 00:00:00,20:09:05,Customer_874,Merchant_36,9247868249,user874@ybl,PNB,Food Payment,4382,Success,UPI,Karnataka,Aurangabad,Android
PP100874,2026-07-28 00:00:00,03:36:27,Customer_875,Merchant_68,9707609950,user875@ybl,HDFC,Merchant Payment,18057,Success,Phone Number,Karnataka,Mumbai,Android
PP100875,2026-07-28 00:00:00,10:21:51,Customer_876,Merchant_78,9141905777,user876@ybl,BOB,Food Payment,16035,Success,UPI,Madhya Pradesh,Aurangabad,Android
PP100876,2026-07-28 00:00:00,08:46:15,Customer_877,Merchant_41,9520149490,user877@ybl,Kotak,Food Payment,5008,Success,QR Code,Maharashtra,Kolhapur,Android
PP100877,2026-07-28 00:00:00,17:44:12,Customer_878,Merchant_89,9081693674,user878@ybl,SBI,Merchant Payment,6364,Success,QR Code,Rajasthan,Aurangabad,Android
PP100878,2026-07-28 00:00:00,00:16:47,Customer_879,Merchant_62,9039294995,user879@ybl,Canara,Bill Payment,8450,Success,QR Code,Rajasthan,Pune,Android
PP100879,2026-07-28 00:00:00,19:43:01,Customer_880,Merchant_10,9162092895,user880@ybl,BOB,Bill Payment,15713,Success,Phone Number,Maharashtra,Kolhapur,Android
PP100880,2026-07-28 00:00:00,21:10:42,Customer_881,Merchant_21,9537468443,user881@ybl,Kotak,Food Payment,9126,Success,Phone Number,Maharashtra,Nagpur,iOS
PP100881,2026-07-28 00:00:00,13:11:57,Customer_882,Merchant_36,9512011771,user882@ybl,PNB,Bill Payment,1458,Success,UPI,Karnataka,Aurangabad,Android
PP100882,2026-07-28 00:00:00,08:07:37,Customer_883,Merchant_12,9542444223,user883@ybl,Axis,Merchant Payment,19420,Success,Phone Number,Rajasthan,Aurangabad,Android
PP100883,2026-07-28 00:00:00,11:43:27,Customer_884,Merchant_91,9619330970,user884@ybl,Axis,Merchant Payment,14839,Success,UPI,Maharashtra,Kolhapur,Android
PP100884,2026-07-28 00:00:00,03:41:21,Customer_885,Merchant_2,9768747929,user885@ybl,ICICI,Merchant Payment,9672,Success,Phone Number,Rajasthan,Nashik,iOS
PP100885,2026-07-28 00:00:00,17:00:46,Customer_886,Merchant_13,9634863596,user886@ybl,Kotak,Food Payment,24570,Pending,UPI,Maharashtra,Nagpur,Android
PP100886,2026-07-28 00:00:00,00:23:55,Customer_887,Merchant_53,9983927080,user887@ybl,HDFC,Bill Payment,6409,Success,QR Code,Gujarat,Nagpur,Android
PP100887,2026-07-28 00:00:00,07:24:20,Customer_888,Merchant_32,9178626512,user888@ybl,Canara,Bill Payment,22381,Success,UPI,Karnataka,Nagpur,iOS
PP100888,2026-07-28 00:00:00,01:24:44,Customer_889,Merchant_95,9994931374,user889@ybl,HDFC,Merchant Payment,3099,Success,UPI,Maharashtra,Mumbai,iOS
PP100889,2026-07-28 00:00:00,22:49:57,Customer_890,Merchant_16,9492751186,user890@ybl,HDFC,Bill Payment,6315,Success,Phone Number,Madhya Pradesh,Pune,Android
PP100890,2026-07-28 00:00:00,03:45:07,Customer_891,Merchant_32,9985405522,user891@ybl,Kotak,Merchant Payment,13723,Success,Phone Number,Maharashtra,Pune,Android
PP100891,2026-07-28 00:00:00,20:09:55,Customer_892,Merchant_32,9226919912,user892@ybl,SBI,Merchant Payment,18662,Success,QR Code,Gujarat,Nashik,Android
PP100892,2026-07-28 00:00:00,23:16:47,Customer_893,Merchant_98,9962689368,user893@ybl,Canara,Bill Payment,8578,Success,Phone Number,Madhya Pradesh,Nagpur,Android
PP100893,2026-07-28 00:00:00,12:38:59,Customer_894,Merchant_11,9778442474,user894@ybl,ICICI,Bill Payment,19395,Success,Phone Number,Madhya Pradesh,Nagpur,iOS
PP100894,2026-07-29 00:00:00,02:04:51,Customer_895,Merchant_10,9376544913,user895@ybl,BOB,Food Payment,3761,Success,UPI,Maharashtra,Aurangabad,iOS
PP100895,2026-07-29 00:00:00,13:56:32,Customer_896,Merchant_15,9770148969,user896@ybl,HDFC,Merchant Payment,13901,Success,UPI,Gujarat,Kolhapur,Android
PP100896,2026-07-29 00:00:00,22:19:55,Customer_897,Merchant_17,9405761438,user897@ybl,Canara,Bill Payment,16489,Success,UPI,Madhya Pradesh,Mumbai,Android
PP100897,2026-07-29 00:00:00,17:44:48,Customer_898,Merchant_40,9905284588,user898@ybl,ICICI,Merchant Payment,15434,Success,QR Code,Karnataka,Mumbai,Android
PP100898,2026-07-29 00:00:00,20:26:49,Customer_899,Merchant_18,9783544315,user899@ybl,BOB,Food Payment,14349,Success,UPI,Karnataka,Nashik,iOS
PP100899,2026-07-29 00:00:00,02:31:17,Customer_900,Merchant_55,9806520381,user900@ybl,HDFC,Merchant Payment,18897,Success,UPI,Rajasthan,Pune,Android
PP100900,2026-07-29 00:00:00,05:49:13,Customer_901,Merchant_73,9211972672,user901@ybl,Canara,Bill Payment,16402,Success,UPI,Rajasthan,Nagpur,Android
PP100901,2026-07-29 00:00:00,21:21:59,Customer_902,Merchant_25,9172605826,user902@ybl,BOB,Bill Payment,22851,Success,UPI,Gujarat,Kolhapur,Android
PP100902,2026-07-29 00:00:00,18:51:29,Customer_903,Merchant_59,9572232835,user903@ybl,Kotak,Merchant Payment,8343,Success,Phone Number,Madhya Pradesh,Nashik,Android
PP100903,2026-07-29 00:00:00,06:37:01,Customer_904,Merchant_78,9774459696,user904@ybl,SBI,Merchant Payment,7608,Success,UPI,Karnataka,Mumbai,Android
PP100904,2026-07-29 00:00:00,10:26:07,Customer_905,Merchant_89,9356441650,user905@ybl,Axis,Food Payment,923,Success,QR Code,Karnataka,Mumbai,iOS
PP100905,2026-07-29 00:00:00,06:54:20,Customer_906,Merchant_22,9322693782,user906@ybl,Axis,Merchant Payment,11668,Success,QR Code,Gujarat,Mumbai,Android
PP100906,2026-07-29 00:00:00,05:53:15,Customer_907,Merchant_30,9439593724,user907@ybl,HDFC,Merchant Payment,21487,Success,QR Code,Madhya Pradesh,Nagpur,Android
PP100907,2026-07-29 00:00:00,21:31:15,Customer_908,Merchant_84,9054787723,user908@ybl,HDFC,Bill Payment,22594,Success,UPI,Gujarat,Nagpur,Android
PP100908,2026-07-29 00:00:00,05:57:07,Customer_909,Merchant_85,9348890701,user909@ybl,BOB,Food Payment,9975,Success,UPI,Maharashtra,Nagpur,iOS
PP100909,2026-07-29 00:00:00,07:31:23,Customer_910,Merchant_44,9670268778,user910@ybl,Canara,Merchant Payment,2824,Success,UPI,Karnataka,Aurangabad,Android
PP100910,2026-07-29 00:00:00,15:56:12,Customer_911,Merchant_32,9927076705,user911@ybl,Axis,Food Payment,17630,Success,QR Code,Gujarat,Pune,Android
PP100911,2026-07-29 00:00:00,12:14:24,Customer_912,Merchant_51,9644625601,user912@ybl,HDFC,Bill Payment,1304,Success,UPI,Gujarat,Mumbai,iOS
PP100912,2026-07-29 00:00:00,02:10:13,Customer_913,Merchant_46,9379509465,user913@ybl,ICICI,Merchant Payment,709,Success,QR Code,Maharashtra,Mumbai,iOS
PP100913,2026-07-29 00:00:00,08:46:38,Customer_914,Merchant_21,9873467489,user914@ybl,HDFC,Bill Payment,21547,Success,Phone Number,Rajasthan,Aurangabad,iOS
PP100914,2026-07-29 00:00:00,07:31:22,Customer_915,Merchant_99,9337074031,user915@ybl,Axis,Bill Payment,4802,Success,QR Code,Karnataka,Mumbai,Android
PP100915,2026-07-29 00:00:00,08:07:21,Customer_916,Merchant_32,9374060822,user916@ybl,PNB,Merchant Payment,21285,Success,QR Code,Gujarat,Mumbai,Android
PP100916,2026-07-29 00:00:00,12:22:49,Customer_917,Merchant_94,9595504570,user917@ybl,SBI,Food Payment,4527,Success,QR Code,Karnataka,Nagpur,Android
PP100917,2026-07-29 00:00:00,03:15:45,Customer_918,Merchant_39,9421769648,user918@ybl,Axis,Merchant Payment,2016,Pending,Phone Number,Rajasthan,Nagpur,Android
PP100918,2026-07-29 00:00:00,07:13:49,Customer_919,Merchant_12,9412342644,user919@ybl,ICICI,Merchant Payment,20785,Success,UPI,Gujarat,Pune,Android
PP100919,2026-07-29 00:00:00,03:37:05,Customer_920,Merchant_47,9569978344,user920@ybl,Canara,Bill Payment,24084,Success,Phone Number,Maharashtra,Mumbai,Android
PP100920,2026-07-29 00:00:00,03:58:08,Customer_921,Merchant_18,9786420848,user921@ybl,ICICI,Bill Payment,16833,Success,Phone Number,Karnataka,Nashik,Android
PP100921,2026-07-29 00:00:00,01:49:00,Customer_922,Merchant_21,9934310734,user922@ybl,PNB,Bill Payment,22104,Success,QR Code,Maharashtra,Mumbai,Android
PP100922,2026-07-29 00:00:00,22:45:58,Customer_923,Merchant_13,9577635360,user923@ybl,PNB,Bill Payment,20185,Success,UPI,Rajasthan,Mumbai,Android
PP100923,2026-07-29 00:00:00,19:07:58,Customer_924,Merchant_21,9499368438,user924@ybl,HDFC,Food Payment,8651,Success,QR Code,Rajasthan,Pune,iOS
PP100924,2026-07-29 00:00:00,11:37:26,Customer_925,Merchant_8,9487364934,user925@ybl,HDFC,Food Payment,21872,Success,UPI,Karnataka,Nashik,Android
PP100925,2026-07-29 00:00:00,21:05:32,Customer_926,Merchant_46,9488531214,user926@ybl,Axis,Food Payment,4527,Success,UPI,Rajasthan,Mumbai,Android
PP100926,2026-07-29 00:00:00,04:51:22,Customer_927,Merchant_7,9541483912,user927@ybl,Kotak,Bill Payment,547,Success,UPI,Madhya Pradesh,Kolhapur,Android
PP100927,2026-07-29 00:00:00,06:30:11,Customer_928,Merchant_23,9283006618,user928@ybl,SBI,Food Payment,3016,Success,UPI,Karnataka,Kolhapur,Android
PP100928,2026-07-29 00:00:00,14:09:35,Customer_929,Merchant_96,9842225374,user929@ybl,ICICI,Food Payment,3487,Success,QR Code,Madhya Pradesh,Nashik,Android
PP100929,2026-07-30 00:00:00,16:49:05,Customer_930,Merchant_75,9080502949,user930@ybl,Axis,Food Payment,17765,Success,Phone Number,Rajasthan,Kolhapur,Android
PP100930,2026-07-30 00:00:00,21:53:17,Customer_931,Merchant_86,9697858789,user931@ybl,Kotak,Bill Payment,23221,Success,UPI,Karnataka,Nagpur,Android
PP100931,2026-07-30 00:00:00,14:31:47,Customer_932,Merchant_22,9386440192,user932@ybl,Axis,Food Payment,14792,Success,Phone Number,Madhya Pradesh,Nagpur,iOS
PP100932,2026-07-30 00:00:00,00:51:33,Customer_933,Merchant_89,9759408221,user933@ybl,SBI,Bill Payment,723,Success,Phone Number,Rajasthan,Nashik,Android
PP100933,2026-07-30 00:00:00,21:27:38,Customer_934,Merchant_22,9318967259,user934@ybl,SBI,Food Payment,682,Success,Phone Number,Gujarat,Mumbai,Android
PP100934,2026-07-30 00:00:00,06:07:22,Customer_935,Merchant_92,9505222997,user935@ybl,PNB,Merchant Payment,24960,Success,Phone Number,Gujarat,Nashik,Android
PP100935,2026-07-30 00:00:00,14:42:10,Customer_936,Merchant_29,9438801746,user936@ybl,HDFC,Bill Payment,9134,Success,QR Code,Maharashtra,Kolhapur,Android
PP100936,2026-07-30 00:00:00,12:20:13,Customer_937,Merchant_13,9094291183,user937@ybl,HDFC,Food Payment,6276,Failed,UPI,Gujarat,Nashik,Android
PP100937,2026-07-30 00:00:00,09:22:36,Customer_938,Merchant_82,9369912252,user938@ybl,SBI,Bill Payment,8387,Success,QR Code,Madhya Pradesh,Kolhapur,Android
PP100938,2026-07-30 00:00:00,14:47:48,Customer_939,Merchant_2,9432792566,user939@ybl,Axis,Bill Payment,13480,Success,QR Code,Gujarat,Nagpur,Android
PP100939,2026-07-30 00:00:00,10:53:34,Customer_940,Merchant_29,9129936126,user940@ybl,SBI,Bill Payment,5317,Success,Phone Number,Karnataka,Nashik,iOS
PP100940,2026-07-30 00:00:00,22:44:31,Customer_941,Merchant_85,9692024630,user941@ybl,HDFC,Merchant Payment,8593,Success,Phone Number,Karnataka,Aurangabad,iOS
PP100941,2026-07-30 00:00:00,07:56:42,Customer_942,Merchant_79,9512355646,user942@ybl,Canara,Food Payment,15602,Success,QR Code,Karnataka,Kolhapur,iOS
PP100942,2026-07-30 00:00:00,14:48:51,Customer_943,Merchant_52,9109701950,user943@ybl,Axis,Merchant Payment,5398,Success,QR Code,Gujarat,Aurangabad,Android
PP100943,2026-07-30 00:00:00,13:35:01,Customer_944,Merchant_27,9926732089,user944@ybl,PNB,Food Payment,13520,Success,UPI,Gujarat,Nagpur,Android
PP100944,2026-07-30 00:00:00,17:36:56,Customer_945,Merchant_50,9558054574,user945@ybl,BOB,Food Payment,325,Success,UPI,Maharashtra,Mumbai,iOS
PP100945,2026-07-30 00:00:00,08:56:36,Customer_946,Merchant_95,9119429276,user946@ybl,Axis,Food Payment,21901,Success,QR Code,Rajasthan,Kolhapur,Android
PP100946,2026-07-30 00:00:00,01:33:46,Customer_947,Merchant_79,9048307410,user947@ybl,Axis,Bill Payment,4717,Success,QR Code,Maharashtra,Mumbai,iOS
PP100947,2026-07-30 00:00:00,02:03:44,Customer_948,Merchant_23,9280377979,user948@ybl,HDFC,Bill Payment,18794,Success,Phone Number,Madhya Pradesh,Nagpur,Android
PP100948,2026-07-30 00:00:00,03:34:17,Customer_949,Merchant_88,9737861874,user949@ybl,PNB,Food Payment,7242,Success,QR Code,Karnataka,Mumbai,Android
PP100949,2026-07-30 00:00:00,05:33:02,Customer_950,Merchant_44,9261283324,user950@ybl,Axis,Food Payment,7953,Success,Phone Number,Gujarat,Kolhapur,Android
PP100950,2026-07-30 00:00:00,21:22:41,Customer_951,Merchant_77,9282145059,user951@ybl,HDFC,Bill Payment,17869,Success,QR Code,Rajasthan,Pune,Android
PP100951,2026-07-30 00:00:00,00:33:00,Customer_952,Merchant_22,9235785648,user952@ybl,SBI,Bill Payment,24256,Success,Phone Number,Rajasthan,Kolhapur,iOS
PP100952,2026-07-30 00:00:00,13:24:50,Customer_953,Merchant_43,9395404480,user953@ybl,ICICI,Bill Payment,11483,Success,UPI,Gujarat,Kolhapur,iOS
PP100953,2026-07-30 00:00:00,07:20:31,Customer_954,Merchant_37,9465565494,user954@ybl,PNB,Food Payment,422,Success,Phone Number,Maharashtra,Aurangabad,Android
PP100954,2026-07-30 00:00:00,23:36:16,Customer_955,Merchant_61,9879339427,user955@ybl,Kotak,Food Payment,12921,Success,Phone Number,Rajasthan,Pune,Android
PP100955,2026-07-30 00:00:00,22:58:31,Customer_956,Merchant_97,9649242940,user956@ybl,Canara,Merchant Payment,6960,Success,UPI,Maharashtra,Pune,iOS
PP100956,2026-07-30 00:00:00,07:19:45,Customer_957,Merchant_56,9593371310,user957@ybl,Kotak,Bill Payment,16042,Pending,UPI,Gujarat,Pune,Android
PP100957,2026-07-30 00:00:00,10:35:58,Customer_958,Merchant_3,9927561577,user958@ybl,BOB,Bill Payment,19074,Pending,Phone Number,Maharashtra,Kolhapur,Android
PP100958,2026-07-30 00:00:00,06:23:39,Customer_959,Merchant_63,9354871660,user959@ybl,SBI,Food Payment,8115,Success,UPI,Karnataka,Nagpur,Android
PP100959,2026-07-30 00:00:00,05:10:39,Customer_960,Merchant_19,9034362675,user960@ybl,PNB,Merchant Payment,10862,Success,QR Code,Gujarat,Pune,Android
PP100960,2026-07-30 00:00:00,23:45:30,Customer_961,Merchant_23,9577655957,user961@ybl,Axis,Bill Payment,24772,Success,UPI,Gujarat,Nashik,Android
PP100961,2026-07-30 00:00:00,05:59:23,Customer_962,Merchant_29,9042751664,user962@ybl,HDFC,Merchant Payment,4564,Success,Phone Number,Rajasthan,Mumbai,Android
PP100962,2026-07-30 00:00:00,10:55:41,Customer_963,Merchant_30,9740831381,user963@ybl,BOB,Food Payment,22064,Success,Phone Number,Rajasthan,Nagpur,iOS
PP100963,2026-07-30 00:00:00,01:36:16,Customer_964,Merchant_39,9314291849,user964@ybl,PNB,Bill Payment,6094,Success,QR Code,Rajasthan,Nashik,Android
PP100964,2026-07-30 00:00:00,10:07:24,Customer_965,Merchant_25,9405608776,user965@ybl,Canara,Bill Payment,18752,Success,QR Code,Karnataka,Kolhapur,Android
PP100965,2026-07-30 00:00:00,19:08:36,Customer_966,Merchant_8,9428699754,user966@ybl,PNB,Bill Payment,6870,Success,Phone Number,Karnataka,Kolhapur,Android
PP100966,2026-07-30 00:00:00,02:25:11,Customer_967,Merchant_58,9726121469,user967@ybl,BOB,Merchant Payment,20806,Success,Phone Number,Madhya Pradesh,Nashik,Android
PP100967,2026-07-30 00:00:00,20:38:38,Customer_968,Merchant_16,9909800975,user968@ybl,HDFC,Food Payment,770,Success,Phone Number,Gujarat,Aurangabad,Android
PP100968,2026-07-30 00:00:00,23:02:50,Customer_969,Merchant_72,9583731763,user969@ybl,Kotak,Food Payment,20466,Success,QR Code,Rajasthan,Aurangabad,Android
PP100969,2026-07-30 00:00:00,23:45:53,Customer_970,Merchant_1,9887064681,user970@ybl,ICICI,Food Payment,23838,Success,UPI,Gujarat,Nashik,Android
PP100970,2026-07-30 00:00:00,08:31:47,Customer_971,Merchant_5,9331278591,user971@ybl,Kotak,Food Payment,24809,Success,QR Code,Maharashtra,Aurangabad,Android
PP100971,2026-07-31 00:00:00,10:51:50,Customer_972,Merchant_3,9167759708,user972@ybl,HDFC,Food Payment,1637,Success,Phone Number,Karnataka,Mumbai,Android
PP100972,2026-07-31 00:00:00,17:09:48,Customer_973,Merchant_65,9028488509,user973@ybl,BOB,Bill Payment,2550,Success,UPI,Madhya Pradesh,Mumbai,Android
PP100973,2026-07-31 00:00:00,23:01:19,Customer_974,Merchant_4,9658636155,user974@ybl,HDFC,Bill Payment,3353,Success,UPI,Maharashtra,Kolhapur,Android
PP100974,2026-07-31 00:00:00,10:47:07,Customer_975,Merchant_99,9137777013,user975@ybl,SBI,Bill Payment,7254,Success,UPI,Gujarat,Aurangabad,Android
PP100975,2026-07-31 00:00:00,01:34:15,Customer_976,Merchant_96,9825676254,user976@ybl,Canara,Merchant Payment,22172,Pending,QR Code,Karnataka,Pune,Android
PP100976,2026-07-31 00:00:00,12:27:39,Customer_977,Merchant_64,9930671654,user977@ybl,PNB,Bill Payment,24111,Success,Phone Number,Rajasthan,Nashik,Android
PP100977,2026-07-31 00:00:00,14:53:45,Customer_978,Merchant_98,9319541965,user978@ybl,SBI,Food Payment,531,Success,UPI,Maharashtra,Mumbai,iOS
PP100978,2026-07-31 00:00:00,14:28:18,Customer_979,Merchant_89,9894880486,user979@ybl,PNB,Bill Payment,14566,Success,Phone Number,Karnataka,Aurangabad,Android
PP100979,2026-07-31 00:00:00,04:14:11,Customer_980,Merchant_10,9556030530,user980@ybl,Kotak,Merchant Payment,5102,Pending,Phone Number,Gujarat,Aurangabad,iOS
PP100980,2026-07-31 00:00:00,00:08:46,Customer_981,Merchant_21,9835678879,user981@ybl,BOB,Bill Payment,23264,Success,UPI,Gujarat,Mumbai,Android
PP100981,2026-07-31 00:00:00,19:06:00,Customer_982,Merchant_46,9214020236,user982@ybl,ICICI,Bill Payment,16656,Success,Phone Number,Maharashtra,Mumbai,iOS
PP100982,2026-07-31 00:00:00,13:17:17,Customer_983,Merchant_91,9440739410,user983@ybl,ICICI,Merchant Payment,20537,Success,Phone Number,Maharashtra,Pune,Android
PP100983,2026-07-31 00:00:00,03:12:16,Customer_984,Merchant_27,9815008384,user984@ybl,Canara,Food Payment,8840,Pending,Phone Number,Maharashtra,Aurangabad,Android
PP100984,2026-07-31 00:00:00,07:55:41,Customer_985,Merchant_66,9605708200,user985@ybl,HDFC,Merchant Payment,3496,Success,UPI,Madhya Pradesh,Aurangabad,Android
PP100985,2026-07-31 00:00:00,21:58:03,Customer_986,Merchant_41,9550269222,user986@ybl,Canara,Bill Payment,9198,Success,UPI,Rajasthan,Nagpur,Android
PP100986,2026-07-31 00:00:00,14:10:27,Customer_987,Merchant_13,9633298137,user987@ybl,PNB,Bill Payment,1745,Success,UPI,Karnataka,Kolhapur,Android
PP100987,2026-07-31 00:00:00,09:35:31,Customer_988,Merchant_9,9566139952,user988@ybl,Axis,Food Payment,18497,Failed,Phone Number,Gujarat,Pune,Android
PP100988,2026-07-31 00:00:00,02:25:12,Customer_989,Merchant_36,9839150590,user989@ybl,Axis,Merchant Payment,13785,Success,Phone Number,Gujarat,Mumbai,Android
PP100989,2026-07-31 00:00:00,18:10:55,Customer_990,Merchant_86,9745118259,user990@ybl,Axis,Bill Payment,1721,Success,Phone Number,Rajasthan,Mumbai,Android
PP100990,2026-07-31 00:00:00,20:45:44,Customer_991,Merchant_90,9439179615,user991@ybl,HDFC,Merchant Payment,8516,Success,QR Code,Maharashtra,Nashik,iOS
PP100991,2026-07-31 00:00:00,01:25:09,Customer_992,Merchant_58,9760415662,user992@ybl,Canara,Food Payment,22238,Success,UPI,Maharashtra,Kolhapur,Android
PP100992,2026-07-31 00:00:00,13:41:08,Customer_993,Merchant_54,9647765158,user993@ybl,SBI,Merchant Payment,12290,Success,QR Code,Gujarat,Mumbai,Android
PP100993,2026-07-31 00:00:00,15:10:15,Customer_994,Merchant_12,9104527616,user994@ybl,BOB,Food Payment,10492,Pending,QR Code,Rajasthan,Aurangabad,Android
PP100994,2026-07-31 00:00:00,22:55:03,Customer_995,Merchant_81,9086512094,user995@ybl,Kotak,Bill Payment,20744,Success,Phone Number,Gujarat,Mumbai,Android
PP100995,2026-07-31 00:00:00,08:15:59,Customer_996,Merchant_78,9854247145,user996@ybl,PNB,Merchant Payment,2827,Success,QR Code,Maharashtra,Aurangabad,Android
PP100996,2026-07-31 00:00:00,23:48:28,Customer_997,Merchant_14,9977483865,user997@ybl,Axis,Merchant Payment,15674,Success,QR Code,Karnataka,Aurangabad,Android
PP100997,2026-07-31 00:00:00,16:41:52,Customer_998,Merchant_34,9317526965,user998@ybl,BOB,Food Payment,11098,Success,UPI,Maharashtra,Pune,iOS
PP100998,2026-07-31 00:00:00,07:23:09,Customer_999,Merchant_53,9170054861,user999@ybl,ICICI,Bill Payment,22705,Success,UPI,Karnataka,Mumbai,iOS
PP100999,2026-07-31 00:00:00,08:20:15,Customer_1000,Merchant_20,9620727610,user1000@ybl,SBI,Bill Payment,7592,Success,UPI,Madhya Pradesh,Pune,Android
